N,P,K,temperature,humidity,ph,rainfall,label
90.66,21.02,62.12,23.52,91.16,6.51,24.18,muskmelon
100.49,17.17,40.65,25.23,91.98,6.68,50.37,watermelon
20.84,55.34,49.28,30.35,92.72,6.9,158.77,papaya
58.41,69.73,58.15,32.07,86.54,5.82,135.43,papaya
6.66,139.91,191.22,19.05,91.43,6.07,115.28,apple
27.13,24.96,27.1,32.33,56.53,6.04,115.8,mango
25.24,148.06,213.25,19.08,82.29,6.84,157.38,apple
8.51,31.84,22.25,21.6,61.1,6.72,88.92,mothbeans
22.88,39.62,25.24,24.79,93.6,6.34,50.19,mungbean
18.48,59.26,17.75,25.74,76.3,6.65,45.99,lentil
47.33,46.07,22.49,25.44,61.82,7.31,69.28,blackgram
24.8,23.21,24.21,26.08,96.38,6.0,152.34,coconut
29.7,18.34,43.06,19.25,90.91,6.58,105.03,pomegranate
114.17,65.19,44.68,27.28,68.87,6.38,163.25,jute
25.5,15.99,28.47,27.97,92.76,5.56,190.25,coconut
30.22,16.58,53.46,20.23,97.36,6.39,121.14,pomegranate
21.98,119.3,206.87,20.81,79.54,6.16,89.66,apple
85.61,52.28,10.32,29.69,66.35,5.95,83.88,maize
34.08,52.96,52.19,35.02,92.81,6.84,133.57,papaya
103.58,6.81,50.15,29.16,91.23,6.69,25.79,muskmelon
72.62,26.58,47.71,21.6,58.64,7.68,165.8,coffee
42.24,67.47,50.19,31.44,95.09,6.41,157.95,papaya
9.22,8.67,5.9,23.01,93.45,7.16,121.92,orange
66.62,62.97,41.67,36.2,92.09,6.72,111.93,papaya
49.53,81.12,93.15,23.92,19.71,7.33,55.97,chickpea
68.83,46.48,45.8,26.34,75.28,6.3,152.08,jute
20.36,50.58,34.85,26.55,86.62,5.98,24.08,mungbean
19.09,19.41,5.1,28.41,90.32,6.88,103.07,orange
21.56,64.01,23.49,16.87,53.46,5.86,143.33,pigeonpeas
95.81,31.22,30.62,26.55,84.57,6.46,384.11,rice
17.23,7.47,49.59,25.51,80.26,6.79,90.79,pomegranate
25.12,46.23,19.09,24.1,54.86,6.42,23.72,mothbeans
72.68,48.83,37.88,25.5,83.4,6.24,173.39,jute
35.04,70.21,17.38,19.72,68.15,7.23,38.68,lentil
83.69,46.46,27.03,26.74,83.72,6.43,192.69,jute
36.35,48.29,36.29,30.41,61.06,7.63,54.38,blackgram
92.03,48.01,61.78,24.12,75.5,6.87,158.13,jute
30.81,39.7,77.14,22.3,25.79,6.81,87.45,chickpea
35.71,58.08,65.94,18.75,8.48,7.6,81.24,chickpea
21.39,67.44,18.21,22.47,13.0,5.37,102.93,kidneybeans
48.39,49.8,60.57,29.81,91.32,6.82,175.84,papaya
33.13,27.66,46.63,30.52,48.05,5.82,92.5,mango
41.88,58.43,17.92,24.47,63.24,7.02,75.56,blackgram
54.61,39.02,12.09,18.59,64.44,7.0,103.37,maize
25.54,56.06,26.89,28.75,83.84,6.47,62.71,mungbean
63.45,18.47,23.11,32.97,62.95,6.72,86.64,maize
17.7,67.87,19.64,25.3,43.44,5.96,104.48,pigeonpeas
22.09,16.97,23.61,28.96,92.71,5.37,155.73,coconut
90.31,13.17,55.16,32.87,89.4,5.87,30.05,muskmelon
76.29,39.26,24.97,23.71,52.32,6.49,97.21,maize
21.53,60.71,28.24,27.99,58.23,7.47,63.37,blackgram
94.98,36.58,38.76,22.4,65.98,6.64,180.29,coffee
25.44,121.42,206.23,23.65,83.07,5.61,72.4,grapes
15.24,54.01,33.6,26.79,88.41,6.24,55.55,mungbean
106.39,32.15,6.17,24.28,57.7,7.31,151.19,coffee
9.29,71.93,15.15,23.16,30.96,5.39,94.01,kidneybeans
153.3,52.06,18.38,23.84,77.47,6.94,79.44,cotton
19.35,112.58,195.45,21.22,89.51,5.92,120.83,apple
125.31,84.45,57.27,25.12,86.43,5.9,105.55,banana
37.75,55.71,43.49,25.78,61.57,7.27,76.4,blackgram
93.8,19.29,48.11,27.82,77.35,5.9,52.17,watermelon
33.44,13.58,31.7,28.45,95.66,5.65,177.41,coconut
4.76,60.66,33.78,21.7,60.17,6.72,32.85,lentil
14.43,30.1,17.42,20.59,89.48,6.59,97.41,orange
55.83,80.07,58.88,32.73,92.02,6.49,118.25,papaya
14.26,62.69,29.44,27.78,43.75,6.04,116.93,pigeonpeas
15.86,16.23,12.11,18.95,95.12,7.65,106.54,orange
74.86,41.29,25.92,22.67,76.45,7.08,267.43,rice
101.3,12.74,41.81,30.87,86.01,6.04,16.17,muskmelon
12.41,82.47,27.46,26.05,57.08,5.25,125.26,pigeonpeas
114.65,0.42,47.95,26.31,88.49,6.55,33.97,muskmelon
24.82,16.78,27.4,25.34,90.75,5.45,185.13,coconut
82.07,42.59,41.01,24.62,73.0,6.77,141.79,jute
120.3,95.47,64.44,27.87,80.16,6.35,114.64,banana
42.14,55.82,33.85,27.09,64.67,7.32,59.72,blackgram
60.78,52.92,48.64,35.36,97.86,6.49,190.99,papaya
88.14,92.16,45.97,22.54,69.75,6.5,112.33,banana
125.22,63.81,34.64,22.27,81.52,6.33,92.37,cotton
104.64,28.39,64.14,24.91,85.7,6.94,31.99,watermelon
7.56,4.63,8.98,21.52,96.25,7.3,122.1,orange
80.97,27.15,49.42,28.31,53.89,6.88,149.95,coffee
58.38,62.77,76.51,18.94,14.48,7.62,55.76,chickpea
79.25,42.61,30.92,23.27,85.78,6.45,190.9,rice
17.03,37.72,22.56,32.96,54.12,7.3,33.32,mothbeans
12.21,5.53,9.23,19.4,96.53,7.16,108.6,orange
15.49,21.07,36.55,31.77,39.41,5.63,112.55,mango
91.8,19.93,45.16,20.72,41.46,6.34,111.49,coffee
24.29,23.04,18.7,28.43,59.8,7.15,56.99,mothbeans
29.74,65.62,20.86,25.76,63.6,7.26,73.05,blackgram
5.19,19.18,56.94,21.61,88.54,6.15,124.97,pomegranate
72.16,50.49,14.37,17.37,50.55,6.6,59.39,maize
19.71,39.69,7.46,29.04,73.09,5.88,49.61,mothbeans
112.13,53.61,7.95,22.75,69.37,6.62,89.63,cotton
21.73,45.86,46.95,34.72,94.45,6.89,132.41,papaya
8.91,70.06,31.91,36.09,44.76,6.05,167.09,pigeonpeas
22.38,33.11,28.43,29.72,47.36,6.03,48.26,mothbeans
12.67,56.68,19.46,15.85,24.41,6.29,93.4,kidneybeans
128.86,27.4,19.89,24.58,40.19,6.78,170.52,coffee
45.38,72.16,39.15,35.56,59.51,7.75,73.36,blackgram
27.51,63.24,20.66,23.61,74.03,6.55,36.94,lentil
13.02,13.71,31.62,26.14,100.0,5.56,204.49,coconut
79.88,59.8,40.77,22.42,89.62,6.47,188.51,rice
16.77,12.9,8.76,21.01,93.4,6.32,130.74,orange
143.71,6.78,39.17,28.7,100.0,6.07,22.87,muskmelon
130.4,23.9,41.7,24.15,81.82,7.12,32.96,watermelon
26.28,64.81,17.9,18.07,23.74,5.23,127.29,kidneybeans
92.55,24.38,54.06,22.56,79.17,5.92,52.26,watermelon
116.09,73.47,59.65,29.11,89.26,5.83,78.05,banana
27.97,60.34,25.12,26.24,50.59,5.23,152.56,pigeonpeas
0.59,21.13,16.03,31.29,40.47,5.3,56.85,mothbeans
111.78,64.22,57.15,26.3,83.54,6.31,132.16,banana
73.24,67.86,27.05,27.92,86.08,7.46,135.29,jute
137.24,47.7,21.6,28.33,83.48,7.52,47.1,cotton
27.59,13.95,37.02,24.08,87.36,6.4,114.98,pomegranate
26.74,61.31,0.0,25.5,39.69,4.98,112.88,pigeonpeas
48.07,55.26,84.76,20.52,21.3,8.4,85.89,chickpea
78.56,51.49,14.37,22.86,77.17,5.99,121.25,maize
25.16,18.87,21.57,24.67,94.84,5.83,228.93,coconut
31.41,26.06,32.38,19.78,90.73,6.12,140.85,pomegranate
71.36,42.25,16.98,20.45,88.83,7.02,220.04,rice
17.72,80.91,25.43,26.45,43.84,5.63,162.85,pigeonpeas
33.95,131.01,208.26,23.32,90.33,5.73,60.79,grapes
39.78,76.22,18.51,31.19,67.81,7.24,64.2,blackgram
21.71,11.3,33.32,28.02,92.28,5.97,205.91,coconut
38.49,63.05,91.34,20.78,1.3,7.56,82.92,chickpea
45.05,71.27,10.08,24.49,59.03,6.84,78.55,blackgram
17.64,19.85,31.63,24.06,95.38,5.46,198.48,coconut
83.66,34.36,9.76,26.49,68.2,6.25,121.93,maize
100.18,72.19,57.4,32.04,81.71,6.77,69.49,banana
25.95,49.22,22.13,26.98,55.96,6.74,55.49,mothbeans
99.14,87.48,36.61,24.77,79.42,6.76,97.72,banana
38.91,57.14,8.95,18.91,24.61,5.61,134.07,kidneybeans
30.14,19.89,53.18,15.57,87.78,6.28,104.71,pomegranate
44.04,64.76,70.96,19.97,10.1,7.78,73.03,chickpea
28.31,24.22,17.29,29.18,97.13,5.52,214.97,coconut
14.61,14.02,4.35,20.53,86.35,6.95,88.54,orange
25.45,69.09,17.54,23.65,40.91,6.07,186.87,pigeonpeas
92.28,77.43,53.39,28.37,64.78,6.41,128.73,banana
77.01,70.71,59.72,29.62,81.82,5.31,92.83,banana
22.26,136.89,206.1,26.26,82.25,6.17,131.67,apple
19.96,71.69,11.27,16.84,24.48,6.04,99.12,kidneybeans
103.5,17.97,53.14,27.72,92.05,6.17,18.99,muskmelon
27.53,46.92,35.59,31.08,81.73,6.71,47.53,mungbean
7.2,32.83,21.28,25.32,57.11,6.82,26.38,mothbeans
25.21,30.84,40.2,28.07,97.09,5.75,162.29,coconut
63.95,24.74,14.46,22.82,64.95,6.18,92.04,maize
4.94,134.92,188.69,19.11,92.0,5.86,83.76,apple
6.78,9.37,15.4,26.07,95.37,5.8,160.26,coconut
21.4,94.85,22.94,17.06,25.61,5.89,113.4,kidneybeans
12.2,58.04,25.32,26.34,61.01,6.55,40.62,mothbeans
12.27,44.32,22.91,34.28,77.44,7.16,57.73,mungbean
12.01,70.19,26.91,24.51,74.22,6.41,49.68,lentil
116.02,24.51,49.36,21.24,80.01,6.61,54.11,watermelon
25.78,46.12,28.06,29.55,85.13,6.58,47.19,mungbean
14.9,69.58,3.3,24.66,47.75,5.35,121.9,pigeonpeas
10.77,48.13,5.65,21.58,42.33,6.78,134.22,pigeonpeas
20.62,59.06,18.67,27.31,30.97,6.03,120.61,pigeonpeas
6.85,63.24,33.29,18.06,22.15,5.2,92.67,kidneybeans
77.49,41.47,29.65,19.73,65.95,6.1,85.57,maize
88.65,43.52,59.4,26.48,86.23,6.47,201.45,jute
26.91,34.8,81.84,24.4,22.19,7.38,72.63,chickpea
17.03,129.19,208.35,23.01,94.5,6.1,129.69,apple
20.45,5.49,10.2,22.49,92.64,6.91,132.76,orange
130.24,48.9,38.66,25.21,79.15,6.56,68.84,cotton
75.67,48.23,31.73,26.56,89.66,6.15,246.07,rice
22.17,12.57,30.8,27.24,91.13,5.74,176.93,coconut
19.9,149.38,204.29,25.02,81.36,5.97,66.05,grapes
10.64,53.86,14.95,21.17,60.62,6.81,53.37,lentil
126.2,25.22,58.08,24.64,92.57,6.41,49.62,watermelon
33.25,144.16,201.56,20.21,75.85,6.04,62.5,grapes
19.51,142.48,189.31,25.04,80.08,5.7,108.79,grapes
20.01,65.34,24.91,30.13,66.34,7.56,60.45,blackgram
23.92,23.08,48.12,22.33,100.0,5.99,72.79,pomegranate
58.85,80.43,75.11,15.64,16.7,6.59,84.85,chickpea
19.21,23.95,29.58,26.63,90.25,6.21,158.7,coconut
59.42,23.86,31.77,22.16,57.65,6.82,72.89,maize
13.33,42.34,17.19,23.32,70.72,6.34,29.8,lentil
34.32,123.26,198.88,22.64,76.16,5.87,86.62,grapes
111.73,16.48,49.86,21.68,83.5,6.19,54.6,watermelon
84.53,40.51,30.69,25.95,81.09,6.38,139.04,jute
113.82,33.34,33.27,27.6,58.71,7.19,165.35,coffee
105.95,40.84,30.47,19.55,44.4,7.09,135.75,coffee
18.12,65.38,8.41,17.1,20.75,6.75,82.76,kidneybeans
68.65,61.75,25.53,24.33,76.52,6.24,168.0,jute
13.3,43.6,22.46,26.43,63.82,7.01,50.47,mothbeans
15.97,64.18,22.78,16.54,17.62,5.71,83.26,kidneybeans
88.38,95.68,69.67,26.88,86.25,5.58,121.5,banana
17.58,61.71,25.85,19.01,22.58,5.89,74.29,kidneybeans
29.8,19.59,47.48,30.37,92.97,6.9,175.61,coconut
57.47,67.23,30.2,31.76,96.75,6.81,112.09,papaya
45.67,55.05,49.24,32.01,84.97,6.48,139.56,papaya
15.59,46.68,27.56,29.5,80.61,7.0,41.62,mungbean
16.16,22.67,51.86,30.26,55.88,5.8,58.03,mango
19.47,26.3,44.22,20.76,81.49,6.08,110.76,pomegranate
118.2,21.26,43.83,28.61,91.03,6.61,39.2,watermelon
31.71,74.97,22.25,23.28,22.86,5.86,103.94,kidneybeans
64.02,36.95,15.12,22.25,63.45,6.56,83.59,maize
32.78,132.17,185.83,23.1,93.22,5.66,123.47,apple
39.63,71.6,28.72,26.76,49.26,7.09,72.11,blackgram
48.97,62.31,71.09,12.54,12.4,7.22,65.19,chickpea
16.06,131.7,204.87,26.3,82.72,6.13,71.27,grapes
20.58,137.31,190.64,20.77,76.38,6.82,77.96,grapes
120.48,75.7,55.74,26.67,79.08,5.69,133.31,banana
125.67,63.53,30.74,23.31,82.84,6.77,110.82,cotton
67.62,41.79,44.13,23.31,77.89,6.32,239.8,rice
19.67,24.53,35.55,21.56,89.77,6.03,104.73,pomegranate
14.65,44.39,11.53,20.51,86.0,6.94,50.62,mungbean
92.9,111.43,57.24,34.11,86.98,6.1,106.03,banana
75.63,40.35,34.16,29.09,81.13,5.91,161.99,jute
12.8,33.67,22.8,25.47,85.51,6.51,30.19,mungbean
79.26,46.75,11.02,24.53,64.33,6.55,90.78,maize
39.81,61.11,91.24,21.84,12.14,7.46,65.43,chickpea
44.2,56.13,75.63,21.17,14.14,7.99,74.01,chickpea
32.48,60.74,91.48,19.34,8.81,7.67,69.98,chickpea
23.8,133.78,198.18,27.49,94.47,5.51,116.97,apple
60.2,63.31,51.79,23.59,73.43,6.88,225.42,rice
19.33,50.5,12.63,14.99,22.04,5.73,90.57,kidneybeans
61.05,74.62,79.45,33.75,88.68,6.88,135.34,papaya
99.18,37.28,20.4,24.33,56.39,6.31,139.5,coffee
41.65,51.18,16.13,31.53,56.59,6.09,64.82,blackgram
24.85,85.57,10.95,19.42,16.37,5.92,86.63,kidneybeans
21.87,32.99,38.53,29.52,52.27,6.19,118.31,mango
11.01,30.78,54.6,33.34,43.09,6.25,88.67,mango
29.37,21.64,32.56,23.54,91.67,5.43,124.62,coconut
53.15,44.5,40.34,30.56,88.68,6.15,147.09,papaya
19.76,135.25,196.64,22.81,84.45,5.62,98.46,apple
31.54,58.56,90.3,18.0,13.98,6.92,86.35,chickpea
9.78,19.87,43.86,16.29,94.64,5.69,95.44,pomegranate
34.92,63.52,75.47,23.36,17.63,7.42,89.33,chickpea
104.61,19.33,52.14,29.47,92.28,6.4,34.57,muskmelon
0.0,145.79,207.95,28.02,98.19,6.53,129.57,apple
87.62,18.81,61.18,24.49,91.25,5.71,21.85,muskmelon
93.55,30.42,37.33,25.03,88.57,6.06,22.86,muskmelon
25.13,19.13,20.22,29.48,51.92,6.39,54.05,mango
20.16,23.0,63.77,33.03,46.73,5.38,57.39,mango
107.38,62.83,8.1,26.15,79.39,7.66,85.11,cotton
24.45,0.0,19.73,27.34,94.41,5.81,184.22,coconut
23.93,27.3,30.9,20.02,91.47,6.68,66.45,pomegranate
88.21,42.98,37.82,28.3,86.13,6.61,282.22,rice
105.92,10.55,45.41,27.47,84.33,5.72,20.19,muskmelon
102.54,21.7,30.96,18.1,59.36,5.83,177.2,coffee
28.31,52.1,49.47,33.76,85.43,6.65,124.06,papaya
17.44,61.43,22.89,25.41,52.75,6.81,55.67,mothbeans
94.24,25.15,0.0,26.74,52.06,6.19,61.6,maize
17.69,28.83,20.08,31.32,51.2,5.2,114.91,mango
98.3,29.79,56.73,28.92,90.0,6.17,36.25,muskmelon
22.01,63.06,13.95,31.19,61.24,5.56,131.63,pigeonpeas
22.79,43.75,26.78,27.65,83.08,6.92,56.76,mungbean
97.95,23.96,38.57,25.58,76.05,6.86,136.23,coffee
9.39,124.65,198.06,26.0,82.94,6.64,54.47,grapes
15.74,12.32,18.31,23.38,96.16,5.99,175.26,coconut
107.0,46.43,28.54,22.96,66.48,6.82,77.66,cotton
14.73,69.54,12.14,27.24,51.57,5.63,155.11,pigeonpeas
83.05,37.44,25.78,23.06,76.59,7.04,265.27,rice
33.84,135.4,195.7,25.97,91.83,5.99,111.14,apple
14.69,13.24,28.74,20.83,82.63,6.78,108.1,pomegranate
106.79,24.39,27.8,28.46,52.47,7.11,187.78,coffee
37.08,49.37,88.83,18.77,15.1,8.58,84.48,chickpea
139.21,61.41,13.15,24.33,84.05,7.51,90.78,cotton
85.28,50.09,33.16,25.01,87.64,6.31,126.21,jute
12.28,29.13,29.9,30.48,60.71,5.52,68.01,mango
94.22,61.29,61.68,24.67,75.73,5.84,105.44,banana
40.31,58.42,41.95,37.67,95.95,6.91,172.9,papaya
12.27,132.37,206.79,16.38,94.61,5.68,108.14,apple
30.78,81.15,76.78,22.65,23.61,7.7,73.53,chickpea
89.24,50.93,36.9,25.98,75.74,6.66,222.6,rice
19.25,78.26,9.7,21.41,43.33,6.32,104.42,pigeonpeas
7.74,43.04,22.41,28.53,38.25,6.35,49.23,mothbeans
0.0,36.43,10.99,27.23,82.31,7.02,29.41,mungbean
86.61,40.52,20.88,24.56,73.22,6.78,145.32,jute
7.78,35.73,39.78,20.77,92.94,6.78,125.92,pomegranate
28.68,141.28,202.08,16.94,82.09,6.49,77.91,grapes
22.69,42.73,13.41,25.84,69.4,6.8,59.39,mothbeans
75.93,32.09,36.0,24.8,76.86,6.97,197.99,jute
89.88,60.1,18.58,19.81,51.97,5.93,84.34,maize
14.3,10.93,7.43,30.21,98.78,5.49,169.3,coconut
78.52,49.19,17.68,24.07,65.57,5.97,104.84,maize
35.5,65.01,86.01,14.67,4.52,7.08,61.69,chickpea
82.44,84.02,34.43,27.12,72.89,6.18,81.51,banana
68.11,43.93,29.65,23.34,76.01,7.18,231.41,rice
9.61,28.03,41.93,26.44,94.92,5.89,224.31,coconut
66.33,59.25,36.17,26.69,82.68,6.36,160.33,jute
22.11,21.41,34.67,29.37,45.96,5.19,113.53,mango
115.82,25.2,61.69,25.0,85.89,5.96,35.68,muskmelon
14.88,135.08,192.87,22.68,91.5,5.99,102.81,apple
115.85,91.67,57.19,32.46,79.58,6.26,88.31,banana
25.86,67.89,6.76,23.16,47.02,5.85,116.09,pigeonpeas
44.35,67.4,30.03,31.37,72.76,7.23,48.55,blackgram
19.57,15.13,15.16,18.07,80.58,6.91,119.37,orange
38.52,60.34,64.05,20.54,13.34,6.83,36.92,chickpea
99.22,19.25,46.55,25.68,82.04,7.01,48.64,watermelon
69.62,83.58,50.33,26.75,84.96,6.3,105.96,banana
19.6,144.72,201.78,19.62,88.44,6.14,137.97,apple
42.25,74.33,65.82,13.72,8.37,7.81,71.72,chickpea
115.85,32.46,11.99,23.98,76.43,6.95,159.2,coffee
5.04,61.11,21.52,28.8,43.92,5.82,75.35,pigeonpeas
2.89,16.95,4.42,22.51,86.29,6.53,142.1,orange
21.32,139.66,188.72,25.82,84.2,6.75,103.77,apple
15.63,17.17,25.72,24.13,100.0,5.43,180.5,coconut
66.14,52.98,57.09,33.49,83.82,6.33,138.25,papaya
78.67,22.45,50.14,26.82,85.32,6.73,40.23,watermelon
18.79,50.33,26.72,31.65,61.46,7.24,46.22,mothbeans
30.91,64.24,56.06,31.7,84.52,6.7,141.81,papaya
51.97,58.9,78.66,19.04,12.08,7.56,78.19,chickpea
18.98,14.65,59.92,28.34,85.66,6.62,121.99,pomegranate
28.61,75.39,79.24,21.01,10.64,6.68,92.27,chickpea
61.32,63.46,43.93,37.01,85.21,6.66,166.17,papaya
34.55,76.77,21.09,17.09,62.11,7.98,42.69,lentil
24.4,122.0,199.82,21.89,89.36,5.49,106.29,apple
17.85,17.68,40.32,21.3,87.84,6.91,83.61,pomegranate
39.72,82.72,96.61,17.63,12.99,7.49,65.02,chickpea
4.08,30.32,26.24,31.95,54.67,6.31,64.86,mango
51.4,78.17,78.82,12.63,12.96,7.82,79.66,chickpea
22.38,15.27,36.33,22.15,84.18,6.26,89.81,pomegranate
83.87,8.62,56.78,21.15,83.34,6.68,49.21,watermelon
21.92,70.0,23.78,18.23,24.71,5.89,80.25,kidneybeans
29.2,47.97,30.14,28.87,79.21,6.17,32.48,mungbean
98.0,18.64,51.14,28.01,86.55,6.84,27.36,muskmelon
113.15,14.51,62.52,28.41,85.52,6.32,38.33,watermelon
9.36,63.11,27.37,17.62,28.56,5.12,104.76,kidneybeans
119.74,15.41,29.39,29.29,98.37,6.77,19.7,muskmelon
24.83,22.9,29.29,31.27,50.86,6.2,107.87,mango
94.53,37.98,36.72,23.82,74.68,6.35,240.44,rice
45.43,65.03,29.84,31.95,53.8,7.33,65.12,blackgram
40.89,66.97,73.82,18.05,19.08,7.78,77.91,chickpea
136.07,84.17,45.35,23.47,82.34,6.71,95.05,banana
31.48,65.06,7.75,32.45,63.36,7.55,60.63,blackgram
12.44,53.47,29.1,28.35,40.5,5.91,119.23,pigeonpeas
42.19,51.42,47.71,33.5,90.42,7.16,154.7,papaya
34.04,65.18,21.8,29.77,37.85,6.65,156.07,pigeonpeas
7.34,35.6,15.51,21.89,85.24,6.6,31.27,mungbean
24.55,7.32,42.69,21.43,93.74,6.36,140.9,coconut
120.83,36.7,0.0,28.05,84.32,7.11,70.89,cotton
31.18,134.11,196.6,26.88,85.23,5.73,50.08,grapes
22.68,126.37,184.73,21.34,93.17,5.74,78.69,apple
21.07,64.05,17.34,23.07,52.62,7.01,44.6,lentil
84.25,72.28,45.5,24.73,81.12,5.22,77.64,banana
94.91,47.66,35.35,24.64,71.27,6.63,192.21,jute
29.48,138.98,193.06,23.03,85.61,6.26,110.52,apple
22.06,8.5,36.03,20.83,84.5,7.12,89.93,pomegranate
16.17,133.89,197.31,18.73,100.0,5.71,67.65,apple
19.34,47.43,27.61,29.58,84.05,6.62,53.1,mungbean
82.1,2.33,60.18,24.11,91.11,6.7,20.08,muskmelon
89.98,18.97,47.68,27.88,43.11,6.49,156.06,coffee
99.84,33.43,29.73,23.98,57.4,6.81,142.38,coffee
31.82,53.32,21.73,22.61,43.29,5.38,131.76,pigeonpeas
74.58,54.66,54.33,26.6,84.61,7.07,188.78,jute
27.06,60.48,16.24,18.8,18.82,5.67,146.99,kidneybeans
118.36,66.29,40.68,20.14,76.09,6.31,91.72,banana
87.09,42.56,27.86,29.66,71.11,5.38,59.41,maize
72.27,42.56,31.54,21.52,85.7,7.09,143.17,jute
116.83,33.62,15.75,20.51,58.56,5.98,108.78,maize
39.29,80.16,24.82,27.29,46.3,5.32,152.32,pigeonpeas
11.46,19.49,37.93,26.57,58.46,5.59,87.23,mango
32.51,56.82,32.26,19.5,14.0,5.85,63.0,kidneybeans
28.37,7.28,33.32,17.01,81.23,6.44,143.12,pomegranate
100.79,25.36,47.99,26.14,84.8,6.46,53.11,watermelon
38.3,81.37,18.53,28.94,61.14,7.54,95.44,blackgram
75.36,42.22,16.17,28.02,55.84,6.21,76.21,maize
79.01,32.89,33.48,25.14,77.7,6.01,270.25,rice
15.02,50.83,23.97,31.21,43.4,5.64,60.3,mothbeans
11.93,45.37,22.8,13.31,21.48,5.59,118.58,kidneybeans
17.88,17.97,56.98,31.73,43.19,6.15,110.38,mango
131.2,45.65,13.58,21.23,89.51,7.28,109.15,cotton
53.89,47.8,42.67,30.42,88.38,6.57,135.34,papaya
29.9,48.8,12.26,27.07,48.09,6.45,61.75,mothbeans
122.52,50.54,11.85,25.08,78.63,7.01,69.13,cotton
40.39,50.31,21.19,31.54,96.72,7.05,57.49,mungbean
19.55,22.54,1.31,22.26,91.65,7.29,106.25,orange
71.17,41.86,53.73,22.46,76.66,6.48,174.61,jute
32.86,46.79,14.35,24.82,78.63,7.05,63.16,blackgram
25.3,56.89,34.79,30.53,90.81,6.47,36.44,mungbean
93.69,45.97,34.39,25.5,73.88,5.87,129.62,coffee
94.58,96.36,31.72,20.79,80.45,5.82,100.15,banana
14.15,72.58,25.48,34.39,46.6,6.13,152.94,pigeonpeas
40.5,47.07,53.2,32.67,91.02,7.26,155.73,papaya
20.55,101.89,197.33,23.35,93.77,6.26,104.25,apple
12.7,20.63,46.82,24.85,83.87,7.28,122.35,pomegranate
80.51,32.3,21.87,16.78,65.65,6.72,45.13,maize
6.63,54.1,35.2,31.63,54.92,6.08,92.19,mango
23.76,4.53,49.29,26.79,93.56,5.51,175.6,coconut
7.39,133.95,203.63,25.49,92.9,5.36,92.81,apple
16.02,70.76,7.93,24.55,68.62,7.58,37.29,lentil
85.62,34.19,31.46,27.28,81.55,6.47,153.54,jute
11.74,50.95,15.28,27.6,53.58,6.05,40.65,mothbeans
0.77,78.92,25.38,19.5,53.17,7.57,37.63,lentil
32.45,2.41,37.84,24.47,99.66,5.28,203.81,coconut
33.56,37.61,29.49,33.62,60.57,7.0,57.45,blackgram
67.87,28.36,62.45,24.12,85.68,6.4,213.46,jute
17.28,50.0,9.14,28.67,87.76,6.97,28.63,mungbean
109.13,53.07,8.96,25.88,90.69,7.13,89.57,cotton
102.55,22.61,56.37,23.57,82.34,6.76,58.58,watermelon
22.19,127.34,198.97,26.09,89.81,6.14,112.75,apple
32.43,127.65,196.88,20.01,78.29,6.21,70.11,grapes
19.34,13.07,23.65,27.27,93.03,6.1,134.44,coconut
24.87,143.65,206.25,23.49,88.76,5.05,100.78,grapes
103.29,13.2,41.64,21.71,98.84,6.4,26.89,watermelon
79.51,24.33,39.11,21.09,85.35,6.38,192.4,rice
16.34,20.11,34.68,34.93,59.37,5.3,120.78,mango
10.76,34.25,45.27,36.71,72.92,5.44,151.48,mango
102.89,33.07,25.99,28.9,54.81,6.02,140.22,coffee
27.96,21.26,36.61,20.83,90.1,6.08,118.58,pomegranate
108.59,85.97,59.32,28.19,78.44,5.68,95.02,banana
23.81,143.67,215.88,21.95,86.01,6.31,86.1,grapes
77.31,56.59,36.35,22.05,79.18,6.36,187.3,jute
5.53,3.09,10.04,18.02,100.0,6.18,94.0,orange
105.13,38.68,10.06,22.57,76.42,5.95,90.5,cotton
31.14,27.22,33.17,33.43,44.2,5.82,97.51,mango
49.05,72.06,42.87,32.21,80.32,7.39,115.24,papaya
98.85,27.51,43.04,33.59,88.64,6.44,22.75,muskmelon
18.55,23.23,21.43,32.29,41.21,6.51,53.95,mothbeans
56.24,61.24,41.59,24.21,78.11,5.89,189.83,jute
42.83,62.51,96.07,20.47,19.67,7.57,97.6,chickpea
15.43,48.33,27.47,27.33,61.52,7.53,39.0,mothbeans
19.74,22.81,65.3,17.03,84.4,6.1,107.64,pomegranate
109.38,28.88,39.74,29.77,86.42,6.5,45.23,watermelon
25.24,53.11,12.05,29.26,46.15,6.85,34.83,mothbeans
147.0,40.51,13.18,24.89,84.3,7.26,65.57,cotton
59.45,63.6,70.18,33.13,94.89,6.12,121.38,papaya
100.21,24.29,66.13,27.19,84.58,7.05,23.7,watermelon
18.06,26.1,16.36,24.88,48.14,6.73,61.49,mothbeans
91.81,56.59,31.79,27.89,84.06,6.61,305.87,rice
38.56,22.83,48.63,25.74,96.11,6.44,152.59,coconut
16.43,46.13,17.1,21.98,49.89,6.65,57.6,mothbeans
18.06,45.02,28.56,31.82,52.11,6.61,49.33,mothbeans
99.53,55.62,20.26,19.99,66.68,5.96,125.27,maize
72.4,40.29,42.32,20.66,74.96,5.84,221.46,rice
69.61,32.82,27.16,21.82,72.98,5.96,90.58,maize
21.84,13.02,19.15,26.69,95.25,6.11,229.26,coconut
16.98,12.64,10.11,20.23,93.64,6.79,119.37,orange
14.95,17.56,48.94,17.93,88.68,6.55,68.17,pomegranate
17.0,61.82,30.25,19.67,15.44,5.8,114.96,kidneybeans
106.25,22.27,52.32,27.99,87.88,6.38,44.45,watermelon
17.31,44.8,19.14,31.66,79.62,6.39,58.36,mungbean
38.58,66.36,25.83,30.91,67.07,7.58,46.73,blackgram
99.17,48.32,32.52,29.65,82.58,6.79,232.7,rice
77.14,36.24,26.17,27.78,91.55,5.5,252.52,rice
112.17,38.53,7.94,26.98,78.95,6.4,67.6,cotton
97.9,49.52,10.59,25.89,76.26,6.48,91.99,cotton
6.54,54.76,17.76,23.14,52.05,5.44,214.95,pigeonpeas
37.66,26.37,10.06,24.6,83.82,8.01,98.2,orange
51.91,56.81,28.74,27.36,54.31,7.39,86.07,blackgram
15.16,69.98,24.3,25.93,51.45,7.3,39.3,lentil
115.71,90.63,49.84,18.14,76.79,5.75,80.43,banana
11.8,28.15,44.27,34.37,51.83,5.67,100.38,mango
76.34,49.64,29.52,18.09,67.78,6.65,79.05,maize
21.96,139.5,182.85,24.03,91.96,6.24,130.3,apple
7.53,12.3,18.93,15.3,90.89,5.61,77.38,pomegranate
22.98,28.66,45.43,31.73,46.77,5.8,97.35,mango
122.36,46.69,15.65,26.48,68.82,6.69,72.73,cotton
31.15,53.39,26.98,25.1,84.6,6.58,37.94,mungbean
20.15,53.28,33.57,34.59,49.25,6.31,155.26,pigeonpeas
38.4,71.71,82.13,16.74,14.4,6.98,96.14,chickpea
21.16,111.08,199.38,22.69,91.57,5.67,93.07,apple
106.38,45.8,24.63,27.32,60.45,7.32,164.41,coffee
29.6,66.4,4.26,22.53,46.51,5.95,148.3,pigeonpeas
78.33,44.9,30.5,25.54,91.31,6.5,164.16,jute
93.49,56.15,37.69,21.98,81.23,6.33,137.75,jute
66.28,38.12,50.28,21.34,88.09,6.56,155.69,jute
65.58,48.13,36.14,32.98,81.19,7.19,172.52,papaya
28.75,69.79,13.11,30.54,66.55,6.84,54.64,lentil
19.61,124.34,207.34,19.39,84.82,6.27,56.81,grapes
83.41,58.07,23.93,25.55,83.3,6.59,180.52,rice
11.4,6.25,11.98,20.11,84.15,7.39,137.9,orange
15.22,48.7,24.67,27.7,84.71,6.86,45.69,mungbean
12.43,25.18,32.81,30.18,54.68,5.91,131.65,mango
10.14,70.52,25.01,15.91,23.91,5.8,94.22,kidneybeans
21.41,133.85,203.33,25.68,83.19,5.52,55.92,grapes
10.56,59.35,17.22,32.36,84.61,5.96,56.92,mungbean
13.48,27.73,15.46,23.57,89.76,6.65,98.18,orange
9.31,60.88,21.06,25.18,46.25,5.75,147.57,pigeonpeas
118.09,72.63,36.28,30.54,83.66,6.5,116.01,banana
73.77,51.33,62.71,25.55,83.24,5.97,196.01,rice
30.0,72.79,19.69,25.33,31.79,5.26,207.34,pigeonpeas
40.34,19.78,51.17,21.93,92.49,6.26,110.9,pomegranate
92.87,46.13,20.6,24.29,48.27,6.26,188.68,coffee
78.41,18.12,52.38,30.66,100.0,5.85,24.58,muskmelon
27.26,75.48,23.9,26.8,63.87,7.74,78.27,blackgram
55.95,73.83,57.05,35.43,93.47,6.1,115.88,papaya
41.72,58.14,49.24,33.24,100.0,6.85,91.1,papaya
20.15,0.0,43.39,19.61,89.63,6.25,123.14,pomegranate
23.66,79.56,25.64,20.37,21.42,6.26,113.2,kidneybeans
45.46,65.06,75.64,18.67,15.56,7.15,76.12,chickpea
21.11,34.14,13.05,28.29,90.52,6.6,45.64,mungbean
21.05,43.58,16.19,25.52,81.56,6.16,47.24,mungbean
20.56,20.49,26.73,37.01,47.54,5.94,105.83,mango
21.83,46.42,24.83,28.19,53.11,6.33,161.03,pigeonpeas
110.49,4.14,47.2,27.62,94.36,5.31,26.33,muskmelon
21.33,3.04,23.21,29.56,35.0,5.34,55.38,mango
16.13,35.34,18.6,29.47,52.93,6.95,71.76,mothbeans
35.1,70.57,9.32,28.94,35.62,6.34,135.87,pigeonpeas
92.16,12.47,58.11,26.04,96.58,6.89,11.65,muskmelon
92.41,45.13,54.54,24.21,95.6,6.51,195.71,rice
13.23,41.24,29.62,15.58,93.67,5.57,102.29,pomegranate
94.76,29.93,43.41,27.05,89.29,6.37,20.34,muskmelon
13.82,73.3,27.2,28.8,57.47,5.21,200.02,pigeonpeas
29.4,151.16,185.69,16.23,90.77,5.29,112.92,apple
9.84,51.69,25.38,29.15,80.03,6.8,36.17,mungbean
88.66,42.97,43.71,23.19,82.43,6.12,276.71,rice
12.6,67.55,12.84,16.78,16.02,5.96,122.17,kidneybeans
14.06,124.94,188.67,21.33,97.38,5.9,129.19,apple
72.92,55.89,40.64,21.77,78.42,6.54,200.79,rice
21.55,27.6,31.06,29.09,49.54,6.25,97.28,mango
64.74,81.02,63.35,30.67,88.52,6.64,186.61,papaya
23.7,33.21,21.38,30.01,65.22,7.24,59.13,mothbeans
112.7,59.8,24.47,26.48,87.36,7.11,93.93,cotton
15.31,0.98,43.36,19.91,94.85,5.96,94.62,pomegranate
3.6,76.59,17.31,28.7,57.58,5.11,128.72,pigeonpeas
52.55,53.04,55.29,34.64,97.79,7.09,154.28,papaya
20.42,57.44,22.88,23.35,57.49,7.43,54.29,lentil
100.64,38.5,21.0,22.31,63.12,5.75,56.2,maize
50.73,61.35,71.61,15.87,6.17,8.12,63.45,chickpea
80.29,18.11,54.98,29.55,97.33,6.09,20.74,muskmelon
126.52,39.14,8.09,21.21,75.49,7.11,97.28,cotton
15.41,66.02,32.39,14.28,13.66,5.77,106.02,kidneybeans
31.49,59.19,85.89,24.01,17.97,6.82,86.67,chickpea
16.56,30.16,18.33,31.62,77.36,6.28,49.26,mungbean
85.12,6.19,31.13,27.38,57.13,6.59,161.61,coffee
90.1,38.45,42.15,22.23,60.46,7.53,160.38,coffee
16.91,16.08,11.51,20.23,92.96,6.94,108.11,orange
84.89,18.35,28.39,26.45,88.3,6.8,45.26,watermelon
14.28,9.11,10.49,21.32,95.25,6.82,144.37,orange
26.35,138.13,211.38,19.74,90.76,5.0,58.47,grapes
85.87,10.77,33.11,23.41,50.16,6.29,154.02,coffee
29.52,67.13,28.22,31.42,43.49,5.39,152.34,pigeonpeas
13.65,17.75,25.5,31.22,59.55,5.26,88.6,mango
18.56,137.79,184.23,19.45,83.81,5.8,136.23,apple
21.24,23.02,31.18,31.45,45.37,5.44,86.03,mango
10.29,39.48,57.51,20.87,91.29,6.15,115.65,pomegranate
97.34,13.35,41.33,26.53,64.34,7.32,129.37,coffee
14.66,67.92,18.5,18.05,31.03,5.5,163.73,pigeonpeas
121.4,36.74,29.88,21.15,53.49,7.44,184.64,coffee
10.59,154.14,186.52,23.03,81.84,6.77,50.13,grapes
76.32,31.55,26.2,30.06,85.42,7.03,79.68,cotton
15.86,6.46,25.08,16.99,85.39,6.02,117.36,pomegranate
41.32,62.1,55.43,30.42,91.64,6.64,128.21,papaya
15.24,144.36,202.85,20.32,90.75,6.56,107.3,apple
27.24,63.71,14.79,22.42,77.8,7.38,75.46,blackgram
16.71,64.11,19.7,20.08,59.96,5.82,163.29,pigeonpeas
79.23,24.9,42.24,22.66,89.96,5.75,31.72,watermelon
30.68,62.28,42.23,32.26,93.55,6.61,147.76,papaya
25.04,55.82,30.58,28.49,65.64,7.4,77.75,blackgram
24.01,155.06,186.01,26.39,90.32,5.87,82.89,grapes
8.17,60.12,8.51,26.08,70.73,6.21,58.34,lentil
80.32,51.82,36.9,25.97,81.35,6.25,253.81,rice
108.15,14.17,28.78,25.8,54.51,6.93,170.15,coffee
63.52,75.02,59.78,36.81,90.28,6.45,122.54,papaya
42.63,66.94,88.51,18.59,17.95,7.26,83.98,chickpea
86.62,34.74,37.16,21.23,46.27,6.8,194.79,coffee
62.67,23.02,25.92,18.5,90.56,6.79,151.88,jute
17.76,32.21,24.12,25.5,70.47,7.09,43.03,mothbeans
4.57,21.65,43.65,18.28,83.58,6.99,116.83,pomegranate
57.59,46.57,27.31,30.07,90.79,7.73,155.58,papaya
17.69,57.16,33.88,23.57,43.56,5.9,113.94,pigeonpeas
28.65,121.62,191.55,25.95,95.23,5.93,121.47,apple
32.58,60.34,18.79,17.78,18.74,5.78,89.83,kidneybeans
19.13,13.08,4.48,19.13,87.05,6.89,149.04,orange
17.04,31.52,14.28,29.56,55.57,6.88,38.06,mothbeans
88.56,56.36,49.54,26.95,80.42,6.58,199.09,rice
18.94,39.76,9.13,24.76,74.89,6.66,42.02,mungbean
78.32,19.9,42.03,28.22,86.13,6.74,66.93,watermelon
8.04,27.52,37.42,26.07,92.46,5.91,135.49,pomegranate
12.15,16.09,35.27,23.78,91.24,5.84,152.83,coconut
32.4,0.0,42.37,25.91,93.77,5.69,213.57,coconut
84.35,34.84,37.54,23.63,70.87,7.12,157.6,jute
13.64,11.17,57.98,23.21,85.32,6.84,111.01,pomegranate
26.49,53.52,26.55,22.61,15.39,5.33,125.35,kidneybeans
13.6,25.92,16.86,31.0,64.15,7.16,55.15,mothbeans
77.77,55.25,45.86,26.14,86.94,6.25,163.17,jute
26.95,73.87,13.89,18.11,24.42,5.62,126.46,kidneybeans
81.1,32.1,27.05,23.99,90.35,6.07,169.87,rice
14.74,58.02,14.77,22.84,59.92,6.98,48.6,lentil
53.92,57.99,49.02,35.43,100.0,6.8,158.38,papaya
8.84,17.65,45.99,16.17,94.05,6.06,97.34,pomegranate
19.12,18.69,8.13,20.56,89.04,6.99,62.34,orange
54.11,64.01,80.19,21.12,17.17,7.68,84.31,chickpea
84.97,52.07,18.67,29.2,77.12,6.33,168.62,jute
13.24,11.61,27.46,20.14,91.93,6.68,111.82,pomegranate
100.43,58.85,16.21,24.07,67.73,6.37,89.15,cotton
30.33,41.03,11.18,29.04,53.69,6.98,52.3,mothbeans
16.74,39.65,22.36,23.51,91.4,6.43,55.22,mungbean
28.48,135.13,200.66,23.19,82.41,6.19,74.01,grapes
6.52,46.91,19.71,28.44,82.39,7.93,61.6,mungbean
39.98,65.46,14.87,32.47,54.45,6.91,46.8,lentil
105.04,35.43,16.71,23.92,76.05,7.32,85.21,cotton
23.01,55.98,13.04,21.38,15.05,6.36,86.99,kidneybeans
5.5,17.49,0.0,30.59,40.86,5.82,62.5,mango
89.16,17.48,51.24,28.94,96.29,5.89,9.71,muskmelon
23.78,79.84,22.84,17.06,21.0,5.2,117.09,kidneybeans
16.6,12.42,11.1,22.11,88.39,6.13,90.14,orange
24.87,51.83,26.21,22.99,41.98,5.07,134.96,pigeonpeas
78.05,40.44,18.82,26.86,80.68,6.02,57.6,maize
82.47,58.32,38.32,25.3,79.53,7.02,158.31,jute
141.06,32.14,39.9,26.78,62.98,7.01,122.45,coffee
107.61,59.71,20.14,25.7,89.09,5.96,99.18,cotton
57.26,55.48,34.37,20.55,59.9,6.44,91.69,maize
20.1,53.03,17.88,28.11,74.59,6.89,44.13,lentil
10.96,71.23,25.04,15.59,25.48,5.45,110.06,kidneybeans
18.94,15.9,53.06,19.03,82.94,6.19,119.38,pomegranate
61.11,46.03,73.68,35.57,83.58,6.42,162.4,papaya
80.15,35.18,44.62,25.6,79.0,6.23,214.59,rice
9.76,66.89,28.06,21.98,49.48,6.27,150.37,pigeonpeas
88.24,22.51,47.65,32.77,94.51,6.21,24.92,muskmelon
8.84,37.92,17.9,23.21,81.3,6.96,62.27,mungbean
15.06,59.42,11.2,19.32,24.89,5.88,138.49,kidneybeans
57.82,41.83,19.88,25.32,63.96,5.81,108.93,maize
81.45,65.45,50.29,23.16,92.09,6.69,206.16,jute
9.98,68.64,27.1,16.74,7.98,5.78,113.73,kidneybeans
47.93,47.51,93.04,14.01,21.16,7.75,63.64,chickpea
126.92,40.85,34.05,28.64,80.2,7.51,106.75,cotton
21.56,34.8,21.65,32.39,56.59,7.28,47.16,mothbeans
9.34,143.08,205.55,17.13,95.82,6.27,114.49,apple
55.46,58.89,54.4,38.03,95.63,7.2,144.37,papaya
16.92,11.96,42.69,20.14,84.11,6.99,94.55,pomegranate
113.82,40.59,14.91,24.52,93.85,6.6,75.23,cotton
31.96,24.15,10.28,31.86,38.45,5.98,103.23,mango
24.8,138.29,197.01,26.04,78.45,5.15,63.64,grapes
30.77,25.25,43.6,30.43,56.8,4.91,143.38,mango
46.47,48.92,35.51,22.7,49.0,6.6,167.92,coffee
107.55,29.14,28.33,24.71,51.08,6.79,135.39,coffee
136.86,35.16,28.31,30.32,84.58,7.22,82.54,cotton
9.07,50.93,0.0,26.11,49.09,7.12,50.27,mothbeans
23.04,13.18,30.31,25.63,97.33,6.47,171.67,coconut
16.02,15.0,25.78,29.42,92.57,5.58,223.56,coconut
9.16,17.36,33.8,30.07,97.93,6.25,120.93,coconut
15.98,119.54,197.91,20.78,100.0,5.43,114.05,apple
19.62,25.46,12.53,25.34,78.0,6.88,136.14,orange
11.85,24.72,20.6,29.84,58.12,5.84,147.14,mango
3.64,21.21,40.56,33.36,57.31,5.41,127.32,mango
26.49,14.46,6.14,21.66,90.3,7.78,85.49,orange
105.95,83.7,41.54,28.82,76.22,5.96,128.94,banana
5.22,124.78,187.92,23.24,86.43,6.07,108.27,apple
25.37,137.34,214.93,22.83,89.4,5.74,89.93,grapes
44.16,52.83,30.91,27.18,72.28,7.73,74.39,blackgram
24.28,38.64,20.03,18.98,25.62,5.29,106.71,kidneybeans
26.25,132.16,190.13,17.23,84.16,6.07,60.73,grapes
112.53,72.9,15.45,22.69,74.75,7.41,74.41,cotton
7.95,45.34,15.3,19.1,61.6,7.1,36.09,lentil
66.32,83.95,69.19,25.94,78.87,6.12,88.82,banana
14.41,61.79,4.71,31.93,51.21,7.23,50.96,mothbeans
0.0,146.05,204.91,22.99,91.69,5.97,100.05,apple
71.83,48.38,42.96,23.82,87.25,6.25,181.54,jute
7.64,69.93,26.67,22.2,74.33,6.23,30.05,lentil
95.42,24.76,27.73,27.77,56.96,7.21,188.45,coffee
16.17,17.82,16.49,21.76,93.07,6.96,134.75,orange
15.49,50.06,30.04,22.51,54.85,6.83,45.68,lentil
45.18,59.71,13.05,28.97,66.1,8.27,65.42,blackgram
99.27,84.35,13.12,24.58,78.04,6.6,78.4,banana
31.36,59.0,5.07,21.02,17.58,6.02,65.6,kidneybeans
11.91,16.34,47.03,30.99,88.86,5.84,115.05,pomegranate
75.77,37.56,34.95,24.67,82.01,7.08,163.41,jute
22.72,60.04,58.61,30.5,87.82,5.95,181.75,papaya
28.08,64.56,31.03,21.99,64.56,6.53,45.07,lentil
10.14,26.77,36.18,28.57,95.77,5.97,211.52,coconut
21.41,59.53,17.83,23.02,27.7,5.18,121.59,kidneybeans
13.84,52.04,16.35,18.54,23.98,5.48,96.74,kidneybeans
29.12,41.13,11.21,32.26,52.09,6.91,64.82,mothbeans
36.75,61.6,57.74,35.52,94.87,6.5,159.86,papaya
31.78,76.21,80.0,18.97,14.36,7.36,92.38,chickpea
94.16,27.85,49.65,22.28,87.79,6.34,35.31,watermelon
30.39,33.68,22.86,34.54,47.6,5.31,91.56,mango
9.85,18.11,28.4,27.96,52.71,5.71,95.21,mango
93.16,37.79,20.22,23.83,46.67,6.18,71.36,maize
82.65,85.23,36.36,25.4,82.5,5.61,132.11,banana
54.13,39.38,29.87,25.94,77.46,5.49,288.63,rice
10.79,16.61,13.52,30.87,57.14,6.69,49.73,mothbeans
22.69,124.82,194.62,19.05,75.84,6.5,91.99,apple
24.01,76.17,31.59,16.92,14.37,5.53,110.21,kidneybeans
24.42,61.56,19.08,24.44,58.91,6.98,60.3,lentil
33.29,78.92,77.5,19.87,17.3,7.25,92.16,chickpea
21.58,68.11,33.6,21.21,21.95,6.08,84.35,kidneybeans
98.56,58.86,20.97,23.39,82.59,6.99,91.51,cotton
33.05,57.67,34.54,30.1,52.42,5.92,142.54,pigeonpeas
55.99,70.61,77.05,21.09,14.33,7.77,85.54,chickpea
38.67,55.25,91.07,18.64,5.14,7.64,71.97,chickpea
89.93,8.23,38.96,29.3,90.89,5.73,28.82,muskmelon
16.44,129.77,202.82,23.54,84.17,6.71,62.38,grapes
26.85,68.98,23.16,22.72,68.6,6.8,50.56,lentil
13.96,152.33,193.07,25.08,96.22,6.03,98.59,apple
19.54,55.75,21.69,28.63,79.54,6.79,58.35,mungbean
26.0,60.84,10.96,25.2,58.06,5.53,160.75,pigeonpeas
62.31,71.38,85.01,13.6,13.29,6.98,70.69,chickpea
139.6,57.53,17.55,24.69,72.09,7.1,84.12,cotton
12.97,71.78,73.46,13.51,18.56,7.85,77.94,chickpea
2.96,72.68,21.72,29.03,79.41,4.76,201.74,pigeonpeas
20.59,117.16,212.78,23.82,81.03,6.36,76.33,grapes
7.41,133.72,188.85,21.17,90.14,6.01,100.94,apple
27.9,64.24,17.44,18.46,16.82,6.54,72.85,kidneybeans
42.49,61.73,21.0,33.55,68.05,6.95,61.0,blackgram
48.95,48.68,12.76,23.58,62.8,7.08,69.6,blackgram
20.85,77.64,13.23,29.17,49.6,5.93,188.17,pigeonpeas
89.78,27.26,27.2,25.34,52.01,6.29,148.97,coffee
12.71,77.71,12.16,19.15,68.05,6.57,48.21,lentil
126.02,42.48,12.03,25.05,81.21,7.74,70.63,cotton
23.05,24.9,15.52,21.62,95.21,6.85,91.54,orange
0.0,21.77,44.92,29.26,90.79,6.73,103.09,pomegranate
17.71,12.28,17.12,25.51,92.54,6.49,85.48,orange
13.26,117.33,208.26,22.96,93.99,5.75,106.41,apple
21.43,57.29,24.82,25.45,72.88,6.93,65.3,mothbeans
108.83,25.21,35.63,22.07,58.58,7.12,72.64,coffee
17.14,91.38,22.41,22.84,47.36,7.46,31.55,lentil
98.2,41.42,38.55,24.57,64.54,6.15,87.67,maize
81.58,26.66,15.19,24.28,50.26,6.52,84.61,maize
3.39,8.48,53.09,19.89,86.64,5.9,95.9,pomegranate
114.18,21.03,44.59,22.07,89.52,6.28,22.5,muskmelon
87.12,39.75,26.54,28.56,67.46,6.31,58.76,maize
21.6,49.73,14.84,23.02,87.52,5.87,44.83,mungbean
99.41,39.25,41.25,23.43,78.43,6.68,155.43,jute
89.19,29.47,15.01,30.66,61.47,6.41,102.4,maize
13.03,72.25,23.59,23.52,57.66,6.94,29.35,lentil
38.93,69.48,64.29,15.62,10.03,7.36,105.99,chickpea
12.12,37.07,16.61,23.9,80.13,6.98,34.93,mungbean
16.63,14.71,43.72,27.99,90.76,5.49,160.02,coconut
20.69,24.36,64.29,27.23,90.06,5.67,190.64,coconut
121.12,70.72,19.75,23.36,85.2,6.76,81.28,cotton
21.69,77.0,16.06,12.37,24.1,5.45,81.21,kidneybeans
37.74,68.67,89.14,16.59,23.46,7.19,79.68,chickpea
29.02,45.86,14.02,30.97,51.26,7.06,44.27,mothbeans
95.62,9.05,61.4,24.55,66.31,6.3,174.91,coffee
55.89,52.58,11.0,25.71,64.46,7.27,78.36,blackgram
96.31,48.04,18.54,29.03,85.57,6.65,85.59,cotton
61.23,54.44,19.34,27.47,65.74,6.53,96.4,maize
13.33,52.64,7.66,26.1,57.77,6.48,47.17,mothbeans
12.85,72.98,5.01,25.94,56.21,7.4,46.61,lentil
20.06,58.4,25.59,19.26,23.46,5.49,61.93,kidneybeans
87.34,64.56,51.57,27.84,87.45,5.49,123.09,banana
115.41,11.82,53.62,23.47,85.91,6.86,35.28,watermelon
27.53,138.44,201.46,25.57,78.0,5.88,72.88,grapes
21.41,52.5,17.88,24.1,67.15,6.45,56.97,lentil
55.29,64.19,11.93,22.74,53.22,6.55,87.3,blackgram
86.06,63.86,41.75,25.77,81.63,5.24,228.94,rice
4.28,29.63,34.96,18.57,81.17,7.1,81.21,pomegranate
31.51,28.65,30.13,35.91,38.55,5.29,62.68,mango
8.07,12.81,34.22,25.35,95.76,5.79,204.0,coconut
122.22,39.57,22.09,23.01,85.28,7.03,75.27,cotton
6.49,40.29,4.2,30.25,36.48,6.81,25.07,mothbeans
15.47,53.32,21.68,25.05,84.97,7.01,46.12,mungbean
24.9,55.21,8.95,18.61,47.21,6.69,41.99,lentil
26.99,112.58,198.45,20.53,80.99,6.39,74.58,grapes
21.18,56.19,14.3,31.75,59.49,5.68,151.38,pigeonpeas
86.27,83.26,44.97,30.54,86.56,6.35,106.12,banana
82.05,36.35,21.48,17.61,55.23,6.9,71.86,maize
136.79,101.84,50.12,28.16,86.8,5.94,86.87,banana
87.48,15.12,56.88,29.64,88.47,6.06,30.26,muskmelon
30.08,152.51,193.06,23.7,80.64,5.22,65.34,grapes
8.59,65.69,26.9,18.92,71.56,7.23,54.54,lentil
95.35,12.4,58.72,26.53,84.06,7.06,47.45,watermelon
94.37,88.99,31.25,30.54,85.26,6.04,95.46,banana
2.01,118.75,194.19,21.99,91.27,5.85,120.16,apple
14.95,32.99,33.86,28.57,61.35,5.92,109.6,mango
22.7,53.91,20.03,29.86,66.11,6.99,53.74,mothbeans
101.76,84.36,40.61,25.85,78.97,6.64,58.39,banana
18.04,1.15,12.43,18.68,92.51,6.78,88.45,orange
20.08,15.85,9.41,21.67,91.42,7.35,122.18,orange
18.97,128.66,192.23,24.82,92.38,5.83,97.05,apple
81.88,40.02,39.19,25.92,84.54,6.83,165.5,jute
16.91,28.82,19.64,32.31,43.9,5.74,112.56,mango
71.6,52.47,46.1,24.94,82.59,6.84,206.34,rice
10.05,138.3,197.34,25.67,91.32,5.14,59.51,grapes
38.32,60.28,60.21,21.24,10.64,7.4,111.11,chickpea
55.9,66.63,45.44,34.51,90.36,6.99,146.24,papaya
106.32,19.18,33.57,23.84,62.23,6.03,92.98,maize
107.84,11.77,39.81,25.56,89.72,6.26,42.32,muskmelon
57.71,66.21,50.77,35.67,100.0,7.38,128.94,papaya
76.64,44.89,62.35,26.62,92.4,6.5,172.88,jute
58.9,30.77,9.19,19.1,71.43,5.83,137.65,maize
9.29,121.14,191.49,19.81,89.59,6.0,129.31,apple
31.09,61.98,0.0,25.55,47.49,5.29,134.54,pigeonpeas
123.65,25.54,25.62,24.84,63.09,6.94,216.2,coffee
4.88,125.79,204.48,23.37,98.76,6.38,106.29,apple
17.84,0.0,34.45,26.92,98.04,6.05,138.03,coconut
15.45,57.03,20.33,25.3,61.85,7.12,48.06,lentil
18.28,38.43,31.5,33.14,58.25,5.96,75.59,mango
79.59,8.12,67.13,28.14,90.79,5.92,28.58,muskmelon
97.94,55.82,45.57,26.23,76.92,7.44,176.08,jute
145.24,67.48,15.31,18.0,67.41,7.43,79.29,cotton
19.35,25.13,11.47,23.76,83.64,7.15,95.3,orange
16.7,20.96,37.3,14.83,97.97,6.44,135.62,pomegranate
45.65,81.36,18.23,29.21,66.54,8.06,38.61,blackgram
70.24,40.13,34.08,22.41,82.24,5.78,240.82,rice
29.45,38.73,20.36,28.15,48.99,6.11,53.88,mothbeans
70.02,11.36,54.96,29.93,88.61,6.28,20.22,muskmelon
89.8,18.48,74.02,22.41,95.2,7.3,48.83,watermelon
9.88,69.81,13.02,23.38,56.75,7.23,36.63,lentil
21.42,69.0,21.05,26.69,38.44,6.53,204.22,pigeonpeas
28.76,131.3,197.13,25.31,78.29,5.86,71.82,grapes
27.04,34.23,31.01,28.94,58.5,7.53,36.66,mothbeans
15.24,20.27,51.56,18.57,84.96,6.5,71.14,pomegranate
53.05,48.62,48.62,21.76,82.25,7.23,222.2,jute
93.51,20.14,40.74,21.37,91.21,6.79,50.79,watermelon
87.67,22.83,27.8,27.16,54.74,6.47,141.21,coffee
47.05,51.71,49.88,25.89,76.8,6.25,187.36,jute
13.32,133.37,194.57,19.91,91.63,6.04,83.27,apple
62.91,64.01,58.04,24.53,78.15,6.94,188.77,jute
28.9,7.05,14.11,27.04,91.99,6.67,112.46,orange
21.15,8.66,21.66,28.96,43.63,5.88,91.79,mango
21.48,85.24,20.05,17.43,19.21,5.63,132.46,kidneybeans
95.53,11.46,49.32,20.78,84.62,7.1,42.67,watermelon
17.6,84.04,33.01,35.88,46.73,5.95,104.5,pigeonpeas
104.92,42.33,0.0,25.2,76.14,7.34,85.85,cotton
10.69,16.06,4.59,16.22,95.64,7.23,119.34,orange
124.98,14.86,63.23,25.53,79.88,7.24,61.89,watermelon
107.58,14.06,46.1,33.91,96.7,6.1,29.57,muskmelon
123.47,59.15,15.44,25.21,79.58,7.07,70.18,cotton
29.12,80.81,11.88,15.57,14.71,5.61,114.33,kidneybeans
29.84,65.62,84.29,21.08,16.88,7.15,67.59,chickpea
34.9,66.49,26.17,36.15,71.62,7.56,60.92,blackgram
0.0,78.59,26.08,18.77,60.14,7.53,59.48,lentil
78.82,49.31,18.39,24.16,85.02,6.53,156.57,jute
12.74,25.83,42.47,20.96,94.39,6.59,135.93,pomegranate
113.65,22.12,53.56,26.02,91.0,6.37,29.4,muskmelon
21.09,17.05,26.89,26.66,89.24,6.04,191.19,coconut
111.4,73.6,63.72,27.43,76.64,6.27,117.86,banana
91.49,31.41,70.22,33.49,91.04,5.69,6.26,muskmelon
109.32,91.48,46.94,23.29,86.37,5.96,134.61,banana
61.61,25.36,21.8,27.19,76.47,6.07,106.57,maize
32.0,65.75,28.21,31.93,69.78,6.92,52.22,lentil
22.9,129.6,204.89,20.46,81.85,6.16,70.5,grapes
115.19,21.12,28.01,22.03,56.32,7.07,153.36,coffee
34.91,64.74,62.31,16.92,13.95,7.09,82.29,chickpea
29.33,50.31,2.57,26.41,82.19,6.89,21.75,mungbean
2.33,62.69,21.09,23.84,63.84,6.92,55.23,lentil
27.09,63.57,28.77,22.43,77.28,7.55,61.56,blackgram
107.28,73.51,53.06,24.81,75.51,5.75,92.49,banana
115.9,54.23,41.89,24.64,78.76,7.17,162.74,jute
27.13,15.87,23.43,33.98,43.91,5.68,126.52,mango
17.45,37.19,17.92,32.8,59.42,7.23,33.01,mothbeans
23.04,39.44,18.96,33.01,45.46,7.61,46.14,mothbeans
108.56,24.96,62.21,31.04,86.22,6.61,31.72,watermelon
28.47,67.68,13.41,27.45,75.6,7.43,70.21,blackgram
31.26,13.52,13.93,24.53,90.58,7.53,51.83,orange
112.3,13.26,42.02,28.06,78.55,6.38,53.94,watermelon
10.29,140.97,188.28,16.54,100.0,5.34,115.68,apple
16.73,117.76,175.22,18.88,97.56,5.74,108.61,apple
84.06,31.13,36.68,19.62,49.03,7.16,171.9,coffee
26.02,77.03,21.44,31.51,64.18,6.76,78.51,blackgram
75.85,23.03,39.18,23.98,92.33,5.94,31.61,watermelon
98.91,43.02,24.95,25.25,77.69,6.98,81.61,cotton
92.8,47.59,22.25,23.42,62.5,5.92,79.39,maize
35.19,90.39,19.68,24.79,63.93,7.31,91.43,blackgram
18.37,134.95,199.35,24.28,79.25,5.8,74.31,grapes
32.08,61.92,61.06,19.64,16.01,6.97,89.89,chickpea
22.39,147.38,193.42,22.22,84.39,5.77,72.29,grapes
32.73,16.74,31.35,24.11,93.07,5.8,154.27,coconut
105.4,93.87,40.35,25.76,76.38,6.13,92.82,banana
12.79,35.36,28.64,30.83,87.44,7.13,39.21,mungbean
38.79,37.84,16.67,27.81,56.17,6.93,65.41,mothbeans
124.94,36.88,22.08,22.13,78.34,7.31,93.63,cotton
23.18,83.09,18.26,15.46,17.74,5.26,89.3,kidneybeans
127.58,46.51,21.36,18.34,77.76,6.63,70.11,cotton
102.15,8.39,53.37,23.63,90.23,6.81,44.05,watermelon
20.84,16.27,40.89,26.77,94.05,5.66,185.77,coconut
28.81,138.94,215.84,21.63,85.46,5.89,87.86,grapes
12.77,139.34,204.33,21.04,100.0,6.52,130.66,apple
43.64,54.76,44.97,35.62,90.46,5.98,140.79,papaya
88.82,47.81,33.77,24.38,79.53,5.91,263.98,rice
119.43,15.7,61.95,23.56,86.34,6.58,49.46,watermelon
95.65,31.62,30.54,27.29,45.85,7.46,163.13,coffee
17.29,130.96,202.02,21.99,100.0,5.5,110.72,apple
39.28,151.92,198.69,22.27,85.49,5.86,52.65,grapes
15.55,31.29,37.7,37.58,57.65,5.78,77.19,mango
4.16,10.24,23.75,28.89,93.97,6.35,141.88,coconut
38.34,83.67,10.7,28.75,61.8,6.95,44.37,lentil
17.67,44.4,23.95,28.87,75.02,6.25,57.29,mungbean
114.25,9.63,51.0,26.99,91.32,5.91,21.7,muskmelon
27.23,25.03,28.0,30.98,92.23,5.99,181.13,coconut
25.96,9.52,3.74,21.15,99.84,7.26,124.08,orange
116.16,16.86,46.65,29.7,93.36,6.81,35.33,muskmelon
21.75,31.0,10.52,23.79,87.12,7.31,99.47,orange
9.96,63.72,15.52,15.28,64.42,6.34,138.71,pigeonpeas
33.0,116.38,216.92,21.22,92.18,5.47,96.57,apple
40.98,68.08,76.08,19.81,14.28,7.55,74.46,chickpea
42.79,62.91,17.5,31.57,69.43,7.0,83.15,blackgram
107.73,43.58,41.01,22.48,63.07,6.53,162.6,coffee
43.59,77.45,9.19,14.03,23.41,5.92,115.98,kidneybeans
22.58,5.81,16.82,22.57,96.45,6.23,196.09,coconut
41.94,61.47,83.38,18.11,16.84,7.83,64.9,chickpea
24.73,37.76,18.44,26.64,46.69,6.8,47.41,mothbeans
16.02,43.17,12.08,27.89,46.51,6.24,53.1,mothbeans
25.69,137.16,187.55,22.85,78.97,5.81,84.15,grapes
47.53,68.81,92.9,21.02,15.31,6.81,76.86,chickpea
10.19,10.98,16.04,19.56,92.9,7.09,135.96,orange
18.77,63.38,23.51,21.35,66.06,6.75,31.8,lentil
44.99,48.08,18.64,26.56,71.62,7.53,38.96,blackgram
110.31,77.64,41.59,25.57,79.78,6.54,61.32,banana
32.2,6.51,38.32,28.64,91.08,6.69,180.79,coconut
29.02,15.28,15.88,25.4,94.15,7.2,118.45,orange
63.99,43.58,41.2,26.54,85.56,5.64,168.64,rice
4.4,41.49,2.25,32.11,79.57,7.2,57.46,mungbean
8.76,19.86,33.15,24.9,91.23,5.89,183.74,coconut
21.13,127.49,198.69,24.88,72.6,5.37,60.45,grapes
7.85,18.69,23.11,27.72,48.88,6.92,49.28,mothbeans
25.72,25.2,30.66,30.36,100.0,6.11,150.18,coconut
9.93,62.83,17.53,25.28,23.16,5.15,93.7,kidneybeans
32.02,15.02,26.33,26.31,96.58,6.05,182.28,coconut
32.76,51.79,13.5,27.85,51.72,6.97,67.41,mothbeans
100.87,78.07,30.91,28.41,89.86,6.19,112.18,banana
8.06,18.53,16.83,22.84,96.04,7.44,134.73,orange
122.41,21.89,42.34,22.2,88.37,6.4,26.89,watermelon
109.18,36.87,32.11,23.75,55.2,6.81,156.24,coffee
48.44,68.93,23.63,24.25,65.4,7.29,78.21,blackgram
113.83,23.81,36.84,26.6,96.11,6.42,16.41,muskmelon
98.79,28.19,14.83,27.0,59.45,7.2,150.0,coffee
117.98,17.11,45.78,31.14,92.6,6.1,34.24,muskmelon
11.62,136.88,196.53,24.75,98.05,5.64,127.87,apple
90.09,66.27,39.47,29.98,81.27,5.95,89.82,banana
103.69,34.77,16.64,21.87,52.24,5.84,64.92,maize
101.78,20.13,51.37,31.57,93.73,6.38,33.34,muskmelon
40.83,57.72,33.99,32.12,59.08,6.57,62.6,blackgram
10.55,123.77,182.11,25.02,98.36,5.77,106.04,apple
45.04,67.91,15.94,27.46,55.41,7.81,68.19,blackgram
21.19,48.64,20.06,21.74,54.28,7.91,45.68,mothbeans
105.53,13.34,60.71,21.67,86.62,5.88,52.45,watermelon
89.02,109.22,58.44,30.31,82.46,5.36,107.9,banana
96.26,18.66,36.53,30.54,90.95,6.42,45.14,watermelon
24.83,68.04,8.16,31.78,62.17,6.31,62.09,mothbeans
64.88,26.29,36.48,25.06,90.38,6.36,221.24,rice
37.41,10.74,16.89,23.52,97.23,5.76,168.66,coconut
17.45,33.01,20.94,31.43,52.51,5.21,107.17,mango
31.06,132.23,191.36,28.77,78.25,5.14,76.88,grapes
26.04,7.53,43.3,17.74,88.17,6.6,117.43,pomegranate
10.6,56.05,24.78,15.15,23.32,5.15,121.96,kidneybeans
20.43,118.38,193.16,23.97,82.3,6.77,71.22,grapes
60.02,38.9,59.02,23.96,89.6,6.2,148.66,jute
92.46,36.44,40.72,23.57,84.39,6.37,271.5,rice
111.27,41.38,25.65,26.88,79.41,6.87,86.96,cotton
24.62,43.71,31.26,26.55,89.78,6.68,41.92,mungbean
34.3,53.21,20.27,25.43,72.41,7.06,65.51,blackgram
22.0,84.96,44.88,19.82,20.08,5.91,122.75,kidneybeans
78.27,41.99,25.21,22.84,79.7,6.73,243.74,rice
24.9,136.8,195.68,24.7,77.36,6.52,60.49,grapes
10.54,124.62,198.17,18.5,99.35,5.37,138.92,apple
24.47,30.12,57.87,20.01,78.49,6.07,98.46,pomegranate
29.36,66.34,20.64,29.22,41.11,5.82,85.43,pigeonpeas
66.44,32.64,29.89,27.37,67.87,5.75,78.67,maize
103.92,31.53,12.07,14.39,57.89,5.64,117.84,maize
25.11,122.92,195.65,17.57,80.54,5.46,80.59,apple
20.88,78.29,22.51,24.57,51.65,5.57,129.16,pigeonpeas
20.05,16.92,42.98,28.29,96.1,6.19,171.15,coconut
23.73,78.46,24.18,26.61,66.18,6.24,167.21,pigeonpeas
52.05,54.85,57.05,33.71,92.28,7.32,158.56,papaya
57.28,61.46,35.82,32.0,88.94,6.52,109.4,papaya
49.38,48.92,72.37,16.69,11.3,7.63,77.09,chickpea
31.38,10.97,10.51,19.74,96.21,6.78,108.05,orange
102.44,51.54,39.44,25.84,76.37,7.42,235.17,rice
12.62,19.04,13.45,22.43,100.0,7.18,128.27,orange
15.91,39.46,18.65,23.02,68.12,6.84,41.8,lentil
28.24,23.2,25.95,34.4,62.78,6.06,81.9,mango
118.56,79.46,45.42,28.43,74.68,6.41,78.88,banana
131.87,54.26,48.2,32.18,80.61,6.3,102.0,banana
66.95,20.2,37.06,26.8,76.94,7.56,168.59,jute
13.97,131.29,196.65,18.77,78.55,5.93,68.28,grapes
65.41,57.3,40.45,28.38,85.89,7.05,133.98,papaya
24.3,139.44,201.95,27.0,91.11,6.15,128.1,apple
35.2,127.55,216.01,26.68,81.23,5.27,69.71,grapes
92.63,11.98,32.32,25.06,84.74,6.76,50.83,watermelon
141.14,46.19,6.44,25.1,75.82,7.25,90.44,cotton
31.38,82.39,27.83,18.26,16.96,5.37,115.45,kidneybeans
115.44,32.86,59.54,31.52,80.39,6.17,35.73,watermelon
13.09,77.79,28.33,29.33,46.96,6.09,128.79,pigeonpeas
10.18,59.09,22.87,20.41,53.05,6.05,52.21,lentil
89.74,11.35,47.39,23.54,92.44,6.9,26.08,muskmelon
104.71,78.84,53.14,28.32,84.17,6.51,101.56,banana
15.22,48.26,19.13,24.1,66.28,7.44,42.64,lentil
15.92,141.03,201.78,20.41,96.02,5.57,113.91,apple
18.95,73.26,16.51,13.18,29.75,6.25,79.15,kidneybeans
17.17,21.08,33.27,29.25,53.19,5.27,90.22,mango
104.43,36.21,18.37,20.67,54.88,5.98,60.52,maize
27.8,4.6,5.13,22.69,88.38,8.35,120.31,orange
30.64,25.79,16.6,29.54,38.1,5.35,102.78,mango
26.2,8.97,17.19,26.86,91.29,6.22,195.36,coconut
93.04,58.56,44.13,30.63,78.13,5.58,158.85,rice
9.14,19.43,2.72,23.81,95.14,6.34,141.0,orange
101.65,14.64,18.68,25.05,54.76,6.27,107.65,coffee
133.05,63.1,29.68,25.32,85.42,6.55,91.64,cotton
23.5,66.85,23.4,27.89,58.23,5.32,129.69,pigeonpeas
39.4,58.98,14.93,26.45,60.67,7.4,64.89,blackgram
88.1,24.33,61.86,25.03,89.55,6.19,46.06,muskmelon
26.85,61.77,13.56,31.23,74.15,6.22,38.41,mungbean
76.3,32.3,21.96,21.35,51.33,7.02,181.47,coffee
112.85,36.92,31.6,23.2,71.38,5.94,199.63,rice
101.8,20.61,52.1,29.37,94.17,5.69,30.09,muskmelon
31.56,80.84,40.34,32.51,93.29,6.58,134.75,papaya
55.78,51.41,41.79,35.84,91.6,6.81,134.34,papaya
9.18,29.16,23.3,27.36,86.9,6.98,50.66,mungbean
26.68,130.6,202.57,23.31,85.34,5.38,64.55,grapes
33.04,30.7,24.11,27.24,53.17,5.75,126.48,mango
25.61,50.19,23.97,28.0,87.07,7.34,45.15,mungbean
43.02,72.66,92.27,18.7,14.98,6.95,67.6,chickpea
83.12,42.72,9.79,18.68,71.43,6.28,98.63,maize
28.22,46.74,33.77,30.44,58.26,6.38,85.4,mango
11.88,2.12,53.39,18.25,95.82,6.83,81.28,pomegranate
21.98,9.62,56.25,26.66,97.88,5.27,161.75,coconut
22.0,2.59,28.16,30.38,39.08,5.43,111.19,mango
67.47,61.45,10.5,24.24,68.07,6.51,81.29,maize
17.61,18.26,34.56,28.4,95.38,5.9,159.1,coconut
21.66,48.08,11.24,25.36,67.39,6.43,69.87,mothbeans
100.35,88.25,51.93,30.93,79.63,5.93,111.85,banana
29.72,21.77,9.82,29.65,94.28,6.06,153.38,coconut
65.14,39.34,41.0,23.49,74.25,6.23,187.51,rice
15.13,59.71,11.55,31.89,45.93,5.98,132.89,pigeonpeas
74.06,24.59,27.76,24.79,58.29,6.86,89.62,coffee
50.7,64.73,71.18,18.51,12.28,7.03,77.83,chickpea
24.62,22.98,28.34,32.36,92.19,6.6,173.47,coconut
22.06,52.58,22.67,26.38,32.74,5.37,137.59,pigeonpeas
43.37,51.28,56.53,29.79,98.67,7.0,142.51,papaya
108.87,15.75,57.64,29.2,89.87,6.35,23.81,muskmelon
14.4,34.63,25.32,25.61,80.25,6.12,43.17,mungbean
76.45,40.15,40.82,31.94,72.66,6.54,165.49,rice
114.33,31.53,36.0,28.82,56.8,6.35,182.53,coffee
27.83,53.78,25.67,29.06,63.89,6.93,63.73,blackgram
31.29,18.11,42.99,24.33,86.85,6.75,52.85,pomegranate
31.64,124.12,198.13,28.51,99.22,5.23,119.74,apple
94.1,4.3,47.93,26.87,94.03,6.02,44.88,watermelon
50.24,70.93,87.78,17.35,11.91,7.3,77.45,chickpea
90.59,0.57,53.61,25.22,87.78,6.41,44.83,watermelon
110.01,81.72,63.64,28.99,75.89,5.58,116.36,banana
97.81,25.44,36.1,24.01,72.55,6.88,142.0,coffee
94.29,27.77,28.04,29.37,49.01,6.55,102.1,coffee
29.55,55.19,16.28,19.39,24.92,5.6,93.05,kidneybeans
34.84,47.24,17.23,23.17,50.9,6.63,61.52,mothbeans
72.88,21.94,53.47,21.97,77.35,7.11,66.97,watermelon
36.08,54.82,11.78,27.88,70.16,7.47,61.05,blackgram
86.0,72.03,56.88,25.67,75.73,5.74,113.98,banana
111.37,36.28,23.73,26.73,85.63,7.2,78.0,cotton
12.61,73.9,28.28,12.46,16.35,5.1,92.0,kidneybeans
64.66,37.43,6.65,24.6,68.18,6.06,116.48,maize
91.79,6.99,45.69,27.28,93.34,6.5,18.37,muskmelon
26.31,17.49,16.48,22.67,84.58,7.58,91.05,orange
21.38,32.34,18.76,22.65,100.0,6.51,140.01,pomegranate
86.45,50.3,21.91,21.96,61.43,6.26,84.26,maize
124.19,24.57,59.35,29.11,86.41,6.38,32.76,muskmelon
30.54,133.81,196.48,30.44,81.53,6.47,63.98,grapes
49.87,68.36,57.01,33.37,86.55,6.13,144.66,papaya
100.88,7.18,46.8,32.17,93.59,6.39,40.17,muskmelon
11.66,13.06,10.16,20.95,96.52,7.09,128.16,orange
113.74,14.09,47.84,27.59,88.11,6.22,22.84,muskmelon
86.83,45.9,32.9,26.3,84.2,5.82,158.69,jute
19.0,138.69,218.69,21.74,73.67,5.2,67.74,grapes
88.62,58.24,52.13,24.17,75.28,6.68,153.18,jute
30.06,49.47,36.99,23.03,81.58,7.17,163.1,jute
95.6,36.96,30.91,24.68,54.19,6.87,174.91,coffee
116.63,39.73,21.74,24.2,79.85,7.07,73.55,cotton
30.8,17.45,42.18,26.16,89.33,5.87,149.86,pomegranate
111.22,57.74,11.59,21.07,79.69,6.59,66.72,cotton
18.16,64.57,7.75,19.54,23.86,5.68,127.49,kidneybeans
29.1,15.54,7.62,20.01,90.79,6.83,121.07,orange
106.51,14.75,28.26,22.82,60.86,6.93,162.03,coffee
31.45,75.82,9.5,19.87,27.64,5.85,126.82,kidneybeans
8.76,126.67,192.34,23.76,78.82,6.3,65.68,grapes
22.72,141.06,223.46,19.8,81.48,5.53,93.88,grapes
44.89,71.35,91.1,20.23,14.79,7.57,108.5,chickpea
16.96,20.7,46.37,28.66,55.88,5.58,85.79,mango
22.18,13.02,37.19,15.39,89.46,6.84,120.71,pomegranate
77.62,51.37,60.05,31.82,86.57,6.74,158.23,papaya
2.31,80.33,8.61,17.2,18.85,5.94,73.04,kidneybeans
109.27,18.4,13.36,26.67,71.95,6.4,180.55,coffee
25.98,21.59,48.24,20.34,96.01,6.4,108.16,pomegranate
16.37,62.26,12.9,30.32,86.78,7.2,41.33,mungbean
42.12,45.44,43.52,32.01,80.15,6.62,165.11,papaya
29.9,60.43,19.66,18.17,25.24,4.8,92.87,kidneybeans
20.39,52.69,15.13,29.09,55.49,5.86,74.18,mothbeans
25.55,25.77,28.79,24.23,97.17,6.47,197.46,coconut
21.64,48.77,35.11,23.51,70.58,6.57,48.08,lentil
8.22,11.81,45.51,18.07,88.5,5.75,110.74,pomegranate
19.5,22.52,36.58,29.81,62.74,6.39,77.17,mango
6.03,68.32,11.62,29.13,69.19,6.74,37.55,lentil
26.5,82.68,22.56,24.78,61.47,7.14,91.86,blackgram
115.57,89.64,67.28,25.59,73.57,5.8,104.18,banana
88.05,17.99,56.15,28.61,77.55,6.4,55.36,watermelon
125.16,67.39,61.91,29.03,71.42,7.08,98.73,banana
106.72,29.26,54.21,30.54,87.7,6.92,46.12,watermelon
20.07,21.41,6.02,20.62,93.75,7.14,120.15,orange
72.66,50.44,25.46,30.39,67.67,6.12,96.81,maize
14.72,74.84,21.01,22.57,54.56,6.54,28.59,lentil
82.7,91.68,53.99,30.15,81.62,6.06,65.48,banana
26.88,61.13,19.64,18.08,11.4,5.69,91.21,kidneybeans
58.08,61.95,43.53,31.11,84.8,6.36,191.05,papaya
1.44,52.83,19.81,31.61,79.52,5.43,50.79,mungbean
28.52,13.55,30.5,27.82,88.73,6.13,138.57,coconut
126.42,38.96,21.64,21.24,89.1,6.27,98.48,cotton
13.93,18.23,50.11,35.12,83.78,6.58,92.85,pomegranate
38.12,50.75,50.46,33.23,99.72,6.85,74.31,papaya
91.79,44.25,12.26,22.81,62.97,5.72,115.07,maize
141.6,49.52,14.71,26.4,83.39,6.91,83.99,cotton
23.63,144.74,204.09,19.91,83.91,5.45,113.46,apple
32.26,130.29,192.65,26.87,87.92,5.53,51.94,grapes
105.86,13.1,41.59,27.48,61.86,7.34,161.31,coffee
77.77,35.95,30.95,27.34,52.92,7.06,171.1,coffee
100.36,10.99,47.0,25.01,78.12,6.31,54.65,watermelon
48.6,62.08,45.11,26.21,74.62,7.0,181.88,jute
41.16,68.9,2.24,25.41,72.1,7.21,65.94,blackgram
14.13,12.54,25.35,34.25,49.8,6.05,128.29,mango
122.75,28.09,13.97,23.11,81.25,6.74,64.44,cotton
85.42,60.38,39.64,29.69,68.9,6.61,233.48,rice
27.67,11.15,5.29,21.08,87.16,7.23,86.76,orange
30.05,132.47,206.95,22.69,87.36,6.12,59.81,grapes
32.24,65.79,14.87,30.98,73.22,7.34,90.66,blackgram
14.67,46.98,15.14,26.79,81.57,6.13,49.46,mungbean
74.43,25.42,31.57,25.74,89.43,5.92,38.91,watermelon
99.18,41.91,20.37,17.56,68.97,6.62,128.27,maize
0.0,63.48,28.48,21.32,61.9,6.83,16.0,lentil
23.23,77.36,11.43,20.04,26.96,4.99,111.39,kidneybeans
32.18,135.42,187.02,16.44,82.74,5.91,55.35,grapes
80.08,42.65,25.85,23.74,80.29,5.8,223.55,rice
16.48,26.6,9.17,19.09,100.0,6.27,95.23,orange
35.47,71.96,89.55,19.27,23.39,6.84,77.1,chickpea
20.69,147.15,211.46,20.66,76.16,6.51,52.97,grapes
102.9,17.02,51.78,24.79,89.36,6.4,23.44,muskmelon
13.08,136.93,197.95,20.84,87.93,5.59,118.4,apple
9.24,56.39,31.02,27.06,62.09,7.24,48.41,lentil
18.57,48.96,25.54,30.2,45.11,6.66,64.34,mothbeans
17.26,47.78,15.93,25.46,48.32,6.56,54.31,mothbeans
77.62,39.73,12.53,21.23,55.92,6.21,119.23,maize
37.35,44.96,86.35,15.28,16.3,7.41,100.41,chickpea
21.06,16.24,32.51,22.35,87.27,7.13,81.61,pomegranate
98.1,12.59,35.81,22.43,85.99,6.63,51.78,watermelon
10.36,19.04,12.86,19.69,99.6,6.87,140.6,orange
9.03,61.09,26.63,31.27,49.3,6.73,32.8,mothbeans
90.91,40.52,25.86,22.68,63.63,5.3,103.33,maize
27.64,73.76,31.78,24.58,46.16,4.98,138.23,pigeonpeas
6.95,10.97,28.18,24.98,86.51,6.45,99.38,pomegranate
34.37,72.06,18.06,22.89,57.84,5.32,198.85,pigeonpeas
25.35,133.63,214.62,26.91,75.52,5.52,78.68,grapes
21.26,34.03,8.18,25.78,62.54,7.28,52.92,mothbeans
29.85,81.85,24.5,15.36,30.94,5.49,98.3,kidneybeans
25.61,73.15,19.17,29.18,47.1,6.89,55.52,mothbeans
75.31,48.1,56.35,22.91,81.02,6.88,188.0,jute
14.02,132.92,202.89,21.49,95.18,5.49,124.2,apple
122.04,49.62,10.22,18.47,75.09,7.48,85.01,cotton
22.71,55.07,20.16,19.6,50.85,7.05,41.16,lentil
85.33,39.63,28.53,25.09,45.96,7.21,165.68,coffee
106.91,66.78,57.98,25.33,80.06,5.96,74.57,banana
34.04,152.37,201.47,25.53,83.01,6.21,68.21,grapes
7.07,42.71,18.01,29.88,85.23,6.95,55.03,mungbean
55.06,74.26,57.68,37.44,86.77,6.83,145.88,papaya
64.98,37.19,34.38,25.56,58.43,6.59,112.99,maize
100.54,30.25,43.83,26.42,59.61,6.42,166.78,coffee
95.47,24.46,50.64,27.11,76.13,4.93,53.41,watermelon
0.0,63.13,6.96,31.82,54.22,6.03,195.63,pigeonpeas
43.83,76.25,6.06,30.23,62.79,7.15,74.43,blackgram
7.22,38.7,25.86,27.41,82.68,6.72,30.54,mungbean
34.17,40.61,78.66,23.27,20.63,7.69,98.54,chickpea
13.34,74.15,15.6,26.53,42.92,6.67,140.36,pigeonpeas
81.64,52.26,44.81,25.67,78.05,6.44,305.28,rice
85.51,26.77,25.1,28.17,53.82,6.78,162.67,coffee
101.32,24.58,38.93,21.83,61.13,6.46,137.22,coffee
82.8,35.54,21.55,27.29,54.79,6.37,71.0,maize
13.84,10.16,7.38,17.9,88.07,7.78,124.71,orange
100.95,11.17,40.87,30.1,96.23,6.64,37.12,muskmelon
23.52,129.25,210.93,24.91,94.07,5.92,125.15,apple
42.71,51.84,50.85,32.28,90.63,7.24,180.45,papaya
39.79,67.89,10.57,28.34,69.88,6.48,70.81,blackgram
86.61,30.87,53.84,25.32,83.75,6.62,53.36,watermelon
34.08,64.74,82.8,16.57,18.12,7.11,79.78,chickpea
0.0,16.04,7.7,18.81,89.23,6.77,109.04,orange
17.17,9.9,31.78,26.21,90.69,6.18,117.19,pomegranate
50.01,62.03,48.95,28.82,94.57,7.47,152.23,papaya
17.0,120.73,194.66,17.46,94.74,5.87,77.9,apple
13.11,79.03,25.58,16.67,18.6,5.82,114.26,kidneybeans
19.43,49.82,17.14,20.67,23.88,5.9,106.0,kidneybeans
108.57,28.13,54.7,25.31,80.07,6.71,75.88,watermelon
82.12,45.74,58.22,23.11,88.88,6.71,129.11,jute
19.53,24.79,31.91,27.55,48.45,6.1,107.84,mango
16.93,17.5,51.19,26.1,89.14,6.84,114.15,pomegranate
41.07,61.55,25.5,27.16,64.54,7.57,72.79,blackgram
107.69,50.41,27.25,24.63,75.19,7.08,73.97,cotton
23.35,79.02,25.2,13.49,26.26,5.3,97.32,kidneybeans
14.85,28.7,5.4,26.72,97.52,5.86,164.87,coconut
67.87,39.98,49.15,25.99,79.35,6.46,233.88,rice
20.45,66.13,21.49,26.76,73.15,6.66,38.84,lentil
88.29,42.24,30.91,23.5,59.56,6.36,95.87,maize
38.69,65.77,77.75,17.05,16.84,7.48,63.64,chickpea
88.44,28.47,51.91,29.99,84.51,6.88,35.41,muskmelon
23.11,22.0,6.21,23.87,97.63,6.96,150.04,orange
25.86,18.45,40.29,20.26,96.06,5.9,119.16,pomegranate
42.67,70.09,64.19,21.69,13.58,7.36,104.18,chickpea
33.37,55.99,24.05,23.74,75.06,7.06,42.65,lentil
69.85,58.01,19.68,17.28,64.02,5.96,101.81,maize
27.14,52.89,25.85,18.04,16.23,5.54,118.73,kidneybeans
32.76,21.21,34.73,28.23,92.8,5.88,152.44,coconut
62.85,21.01,65.19,28.35,86.84,6.19,39.16,muskmelon
108.81,17.05,55.42,22.57,92.79,6.9,33.86,watermelon
30.6,30.93,24.69,25.79,41.68,6.91,62.11,mothbeans
70.21,35.54,4.88,21.19,43.61,5.51,100.21,maize
88.4,50.81,26.67,24.84,62.44,5.47,93.59,maize
38.46,43.19,19.15,30.99,66.63,5.98,28.56,mothbeans
24.37,59.71,87.94,15.24,17.47,6.76,87.0,chickpea
50.47,61.65,9.27,31.23,63.36,7.11,90.51,blackgram
85.1,62.21,37.37,25.97,83.96,7.64,178.62,jute
64.14,47.76,57.0,30.15,92.53,6.98,125.51,papaya
11.31,71.79,10.81,20.0,23.31,5.01,91.45,kidneybeans
119.09,18.74,58.55,28.03,97.28,6.56,25.11,muskmelon
14.01,16.67,8.33,21.01,92.4,7.02,125.22,orange
48.08,56.52,16.61,27.64,50.63,6.97,78.26,blackgram
25.15,65.82,5.98,21.42,70.38,6.97,56.81,lentil
52.97,45.41,26.07,20.69,42.27,6.03,92.84,maize
8.76,35.15,21.59,27.76,48.37,6.56,58.35,mothbeans
21.92,18.69,33.45,12.8,91.87,6.98,95.18,pomegranate
0.05,35.34,33.03,26.25,43.61,6.7,74.81,mothbeans
94.26,9.6,52.69,25.56,86.94,6.09,30.79,watermelon
107.53,16.77,53.15,25.64,90.62,6.77,52.31,watermelon
12.7,40.83,22.75,29.05,80.51,6.5,58.74,mungbean
76.61,45.68,25.75,23.37,82.55,5.62,245.03,rice
79.72,22.49,47.38,26.69,91.84,6.42,32.16,muskmelon
25.17,62.84,13.02,30.53,53.77,5.34,190.66,pigeonpeas
61.69,47.09,20.4,21.02,82.98,6.57,236.85,rice
100.46,25.16,35.28,26.81,44.72,6.84,210.9,coffee
23.85,42.97,15.77,31.11,41.62,6.31,45.23,mothbeans
46.19,85.57,80.21,16.82,15.09,7.85,70.31,chickpea
141.88,82.91,57.88,21.66,87.51,6.31,90.32,banana
20.06,41.74,18.69,28.64,45.05,6.29,33.34,mothbeans
41.26,84.39,70.0,16.97,18.57,7.37,85.26,chickpea
11.68,71.99,31.59,23.05,63.07,7.49,50.06,lentil
97.57,19.65,57.5,26.83,83.34,6.63,55.76,watermelon
29.12,15.2,34.19,30.96,47.33,6.15,112.58,mango
100.02,47.41,45.55,27.69,76.88,6.57,175.4,jute
25.76,64.88,36.89,32.98,90.44,6.96,147.7,papaya
23.61,75.07,7.43,27.24,65.3,7.34,44.3,lentil
67.04,61.71,33.93,34.52,86.18,7.26,121.43,papaya
106.63,18.4,48.48,27.43,91.16,5.89,42.84,watermelon
35.35,63.94,106.44,14.49,17.27,7.49,96.29,chickpea
14.14,55.96,23.4,23.37,82.3,6.85,56.38,mungbean
103.81,22.58,53.92,24.9,95.25,6.57,16.43,muskmelon
14.87,69.88,34.43,17.43,24.6,5.18,85.87,kidneybeans
13.93,58.51,14.77,25.58,85.38,6.97,46.58,mungbean
54.21,72.76,47.79,31.78,94.67,5.99,136.08,papaya
5.44,67.7,4.7,26.73,37.05,6.79,177.34,pigeonpeas
14.8,45.84,20.1,29.44,50.85,5.88,44.81,mothbeans
105.31,21.93,27.39,27.76,66.54,6.34,111.73,coffee
23.23,52.16,21.82,27.03,87.96,6.97,51.07,mungbean
122.78,20.36,63.05,26.82,75.79,7.02,51.62,watermelon
27.07,125.84,216.17,21.69,87.72,6.07,73.78,grapes
40.86,54.28,50.79,20.31,20.52,6.35,64.85,chickpea
98.01,26.42,36.88,26.61,76.64,6.16,35.45,watermelon
21.12,27.54,16.74,32.67,55.06,6.07,113.93,mango
18.37,11.88,7.6,22.09,92.56,6.82,104.54,orange
16.94,26.27,9.48,19.42,95.4,6.88,122.41,orange
69.5,47.14,38.88,24.34,85.07,6.58,208.78,rice
76.32,37.46,31.1,22.55,81.61,6.37,241.07,rice
7.24,109.97,197.79,24.74,76.37,5.56,78.42,grapes
95.74,34.65,30.54,23.79,79.6,5.96,119.72,maize
30.02,40.52,14.46,22.09,53.83,7.82,53.33,mothbeans
30.76,68.6,16.01,21.15,62.27,6.5,45.48,lentil
121.94,43.57,1.49,24.06,81.81,6.7,62.68,cotton
72.35,42.3,30.21,23.67,83.89,6.58,193.11,rice
28.68,127.88,195.33,19.79,91.72,5.87,116.13,apple
12.23,29.95,8.93,18.99,90.2,6.48,138.68,orange
19.59,115.43,204.71,27.82,83.39,5.66,70.67,grapes
26.89,66.39,7.38,23.79,47.41,5.76,209.18,pigeonpeas
21.35,13.07,31.85,28.26,91.29,5.57,191.24,coconut
91.71,0.0,27.87,24.14,56.0,7.01,171.91,coffee
24.88,27.38,10.27,23.88,88.6,7.12,136.59,orange
14.11,1.31,7.79,18.59,93.16,6.74,132.23,orange
16.66,62.05,27.81,20.76,14.77,5.72,90.81,kidneybeans
138.98,44.08,15.2,21.66,77.07,6.08,69.13,cotton
98.18,22.82,45.96,27.49,73.04,6.09,61.75,watermelon
110.95,72.69,50.43,29.06,69.67,6.85,94.34,banana
135.51,78.22,37.09,25.78,80.07,6.23,88.17,banana
98.32,1.69,40.35,30.69,78.3,6.87,29.17,muskmelon
14.28,19.89,18.39,24.99,91.59,7.27,121.55,orange
20.79,119.76,205.67,22.05,71.22,5.85,84.72,grapes
37.24,41.85,12.47,28.74,80.99,7.29,45.17,mungbean
28.17,85.88,7.31,12.36,30.35,5.86,87.63,kidneybeans
32.55,128.58,209.02,24.62,84.23,6.17,45.93,grapes
71.35,53.36,28.7,26.59,89.21,4.96,198.12,rice
57.28,40.53,48.56,25.64,75.77,6.29,245.41,rice
53.71,60.34,43.88,31.51,92.37,7.68,149.53,papaya
20.58,45.73,18.8,31.58,52.33,6.24,45.28,mothbeans
41.01,65.41,28.3,30.0,76.82,6.7,69.9,blackgram
82.26,48.42,58.76,27.85,79.12,5.75,249.68,rice
26.8,49.18,20.86,29.16,86.62,7.21,60.95,mungbean
25.93,59.87,18.17,15.02,8.19,5.62,153.25,kidneybeans
29.68,60.6,30.3,29.04,55.11,7.6,78.23,blackgram
14.62,47.23,6.06,26.36,79.54,6.75,57.94,mungbean
53.55,48.24,36.15,22.97,85.06,6.72,267.25,rice
5.76,55.6,23.81,29.15,64.22,7.03,54.52,lentil
86.35,77.49,39.82,24.53,73.56,5.64,128.39,banana
25.47,51.34,29.7,18.78,19.15,5.76,69.48,kidneybeans
89.43,44.88,31.03,25.23,78.61,6.69,224.12,rice
53.28,46.96,70.57,31.59,95.28,7.01,138.51,papaya
70.63,40.26,24.14,20.1,64.49,5.92,72.77,maize
25.52,59.97,22.11,18.88,19.83,5.39,91.19,kidneybeans
82.69,90.55,52.64,30.94,79.92,5.65,95.73,banana
30.01,59.95,88.41,20.64,14.81,7.15,74.12,chickpea
65.58,59.36,81.85,23.63,26.03,8.12,98.13,chickpea
17.5,37.31,27.12,32.29,49.09,5.78,87.45,mango
128.43,15.8,52.0,27.8,87.89,7.05,20.78,muskmelon
99.97,8.46,37.41,21.98,81.38,6.65,40.45,watermelon
44.07,63.27,25.11,28.81,53.39,7.13,82.68,blackgram
105.01,79.1,41.61,24.77,78.93,4.56,85.97,banana
74.88,46.36,49.23,25.9,77.92,6.65,167.02,jute
89.46,18.66,13.87,25.21,53.45,7.19,113.82,coffee
24.87,0.0,11.48,28.64,92.36,5.5,206.77,coconut
127.21,61.21,20.81,24.43,80.11,7.61,74.47,cotton
14.18,48.73,22.5,31.58,42.94,7.17,57.09,mothbeans
58.73,75.8,75.53,22.84,16.34,7.64,87.27,chickpea
25.26,44.3,10.5,31.17,82.05,6.33,46.22,mungbean
40.9,49.21,48.61,36.51,91.97,6.52,103.86,papaya
13.37,24.82,21.16,30.38,52.02,6.57,48.09,mothbeans
109.85,44.49,22.05,21.03,77.52,6.95,80.7,cotton
26.76,44.94,29.43,23.88,87.6,7.45,52.2,mungbean
90.79,15.42,63.01,30.6,93.14,6.04,17.31,muskmelon
64.32,88.7,59.85,22.24,80.88,6.18,98.54,banana
24.73,126.19,197.93,25.81,98.48,5.79,99.38,apple
110.91,62.55,37.51,27.91,85.23,6.88,191.4,rice
99.8,9.36,55.07,27.88,89.49,6.84,15.0,muskmelon
76.31,42.27,13.03,24.84,80.85,6.55,303.96,rice
15.48,40.29,25.75,27.53,81.79,7.37,39.44,mungbean
83.52,17.36,56.31,21.55,90.52,6.35,65.09,watermelon
128.51,55.94,18.98,26.93,67.77,6.48,82.46,cotton
39.45,67.86,85.21,20.94,18.78,7.34,77.04,chickpea
62.69,13.33,66.64,23.57,82.55,6.39,36.55,watermelon
17.96,63.75,22.62,18.26,9.9,5.61,87.97,kidneybeans
128.85,9.38,60.78,24.74,84.35,5.89,46.58,watermelon
21.77,10.28,29.55,22.33,95.29,5.85,166.59,coconut
23.23,55.33,13.63,24.31,46.49,7.57,49.42,lentil
21.11,118.88,201.88,21.45,85.33,6.88,58.2,grapes
19.95,9.57,9.81,21.37,91.2,6.71,97.22,orange
90.62,34.38,25.06,26.89,67.97,5.51,70.46,maize
85.36,38.07,49.0,25.92,86.06,6.51,196.84,rice
106.92,34.82,21.79,22.93,72.51,7.56,74.38,maize
37.79,62.23,83.07,21.45,20.3,7.07,77.49,chickpea
90.35,40.99,42.24,25.04,82.49,5.81,230.98,rice
5.66,41.17,19.01,26.81,43.53,6.6,53.23,mothbeans
88.65,48.11,70.79,28.36,81.36,5.72,165.74,rice
95.15,27.68,59.75,26.11,77.47,6.48,42.92,watermelon
26.38,6.97,42.64,29.86,91.83,5.98,191.06,coconut
77.71,47.08,27.65,19.86,52.35,5.38,95.16,maize
86.72,46.43,30.63,23.79,68.67,6.26,113.8,maize
23.49,53.09,25.43,21.21,55.93,6.76,39.14,lentil
36.56,61.25,12.16,23.13,59.65,7.18,49.13,blackgram
97.93,24.77,15.53,24.51,75.52,6.27,73.9,maize
84.35,65.75,48.71,24.02,88.01,6.0,148.48,rice
77.79,41.78,30.65,27.39,87.32,7.17,187.31,jute
32.89,11.31,30.77,27.37,95.86,5.91,179.76,coconut
12.92,46.81,30.43,29.76,49.7,6.93,47.11,mothbeans
17.11,16.85,37.47,24.36,100.0,5.91,178.55,coconut
18.65,13.17,38.11,21.72,85.93,5.81,143.11,pomegranate
95.15,33.12,38.02,26.93,60.4,5.05,130.82,maize
29.46,54.32,89.5,24.13,15.48,7.23,81.05,chickpea
85.04,13.29,39.02,23.65,82.97,6.54,30.62,watermelon
23.93,61.42,18.88,29.96,32.73,6.46,152.18,pigeonpeas
108.05,7.0,64.34,19.42,81.58,6.46,54.95,watermelon
17.43,49.14,29.12,21.49,64.53,7.08,47.0,lentil
83.09,13.39,29.98,26.05,87.16,6.65,19.61,muskmelon
99.07,52.22,28.71,23.43,84.45,5.59,258.52,rice
74.92,24.42,28.0,27.23,41.44,6.82,162.84,coffee
25.66,85.85,11.94,22.98,66.85,7.21,39.4,lentil
28.7,67.73,3.4,28.72,65.13,7.42,81.63,blackgram
108.07,6.04,67.65,25.68,90.88,6.53,20.48,muskmelon
79.44,51.03,20.91,23.6,60.09,6.27,91.16,maize
12.3,62.93,24.88,27.63,43.31,5.91,171.44,pigeonpeas
81.49,52.51,23.31,26.63,78.69,6.49,199.47,rice
14.49,47.05,26.13,23.15,55.4,7.27,45.02,mothbeans
108.17,8.24,48.6,26.99,93.28,5.95,35.02,muskmelon
101.31,11.15,52.45,24.27,87.28,6.66,16.87,muskmelon
19.33,137.82,202.19,23.5,81.94,5.61,47.54,grapes
12.48,31.01,53.53,19.13,86.86,5.35,77.37,pomegranate
87.35,22.62,51.98,17.44,87.14,6.66,50.24,watermelon
82.48,60.74,37.19,22.66,79.37,6.37,189.86,jute
139.84,37.41,31.33,28.87,68.29,6.94,74.0,cotton
121.58,30.95,11.94,30.16,82.76,6.6,86.27,cotton
32.28,60.02,15.9,26.6,62.22,7.41,53.25,blackgram
13.26,2.74,26.78,21.08,84.34,6.37,85.51,pomegranate
25.0,73.85,15.26,18.37,30.77,5.5,83.82,kidneybeans
44.28,63.13,89.86,22.56,28.95,7.53,84.89,chickpea
43.49,68.19,57.46,32.45,86.21,6.9,116.55,papaya
35.89,53.94,77.85,18.08,19.9,7.82,100.94,chickpea
73.47,24.96,59.37,27.49,86.86,6.59,62.39,watermelon
123.62,25.69,54.46,33.72,87.11,7.16,17.28,muskmelon
95.98,34.83,31.27,32.2,60.1,6.08,114.07,maize
99.75,44.86,42.33,27.88,64.06,6.28,166.57,coffee
24.74,49.1,22.86,28.24,84.81,7.66,59.84,mungbean
51.62,55.73,82.38,21.93,18.51,7.38,95.02,chickpea
36.3,62.48,46.09,32.71,100.0,6.42,143.5,papaya
103.57,29.34,13.04,26.08,67.26,7.26,166.71,coffee
82.97,43.56,34.26,23.36,81.84,5.93,201.49,rice
122.63,25.95,35.81,28.67,95.68,6.65,19.97,muskmelon
83.25,45.46,33.48,31.43,85.17,5.19,237.46,rice
87.8,46.88,45.66,24.03,75.91,6.76,216.23,jute
120.83,48.88,17.86,23.14,73.75,6.93,68.16,cotton
27.61,54.79,23.79,25.93,54.77,4.74,147.03,pigeonpeas
40.09,62.62,20.61,27.46,48.16,7.92,70.17,blackgram
93.66,25.22,53.16,27.86,93.26,6.47,12.87,muskmelon
25.95,24.31,32.02,27.96,94.47,6.18,135.57,coconut
87.45,43.62,46.48,29.57,80.83,6.08,293.17,rice
28.48,24.49,15.04,22.28,88.66,6.44,109.2,orange
19.62,19.73,21.22,32.0,39.33,5.7,101.66,mango
12.35,50.18,15.93,27.11,60.51,6.09,74.48,mango
79.27,23.16,65.06,26.68,86.3,5.42,17.15,muskmelon
92.44,22.89,42.36,27.31,74.61,6.77,243.54,rice
30.4,122.86,209.31,27.43,98.07,5.94,105.36,apple
11.63,49.73,22.33,30.87,81.05,6.71,34.35,mungbean
36.47,83.49,35.96,35.85,94.16,6.23,138.89,papaya
93.17,84.45,54.75,29.12,85.89,6.16,72.49,banana
33.01,66.62,20.82,29.45,53.71,7.42,71.35,blackgram
101.66,26.58,42.29,31.0,88.09,6.06,31.55,muskmelon
18.78,153.0,185.59,25.87,95.28,5.71,144.59,apple
18.39,17.23,34.51,24.73,97.71,6.15,213.96,coconut
56.81,54.04,50.47,31.33,92.74,7.32,166.21,papaya
27.61,61.33,6.37,23.3,60.5,5.66,142.7,pigeonpeas
106.45,44.43,11.85,24.59,80.67,5.65,208.35,jute
25.99,144.94,202.01,21.42,82.11,5.91,113.43,apple
14.76,131.95,194.47,18.83,86.11,6.52,129.78,apple
71.9,32.22,21.57,19.09,66.27,5.45,105.58,maize
30.56,36.26,25.02,27.16,84.21,6.63,39.54,mungbean
24.1,132.9,200.44,24.79,88.7,5.67,111.76,apple
23.66,85.98,18.9,25.77,64.14,7.68,27.53,lentil
14.01,133.03,183.13,26.49,86.36,6.13,53.18,grapes
102.54,45.74,56.29,20.86,73.48,6.17,245.36,rice
92.03,15.46,60.5,23.17,88.98,6.5,47.87,watermelon
30.94,66.26,26.81,27.67,67.7,6.66,54.76,lentil
15.07,126.54,208.5,16.26,100.0,6.09,111.15,apple
28.65,131.81,194.54,19.95,89.1,6.24,59.4,grapes
32.53,40.76,88.84,21.21,14.59,7.33,87.74,chickpea
82.97,33.49,16.13,21.72,66.39,6.56,73.53,maize
102.44,96.95,36.87,28.18,75.99,5.8,83.94,banana
10.9,62.99,19.95,19.8,24.34,5.41,106.64,kidneybeans
31.83,21.44,2.24,26.52,99.88,7.01,136.46,orange
14.34,49.1,33.27,28.49,63.22,6.63,94.34,mango
109.35,19.87,22.26,25.67,52.44,6.97,95.98,coffee
48.01,45.72,44.99,35.27,95.45,6.62,159.09,papaya
9.28,140.26,216.83,25.18,76.56,5.95,53.22,grapes
17.69,134.08,201.33,19.19,72.93,6.12,72.03,grapes
22.78,8.73,25.78,26.56,93.3,6.64,184.46,coconut
105.73,47.05,18.84,29.02,82.98,6.16,61.03,cotton
62.06,53.13,53.56,24.78,87.02,6.38,204.2,rice
15.18,69.32,23.76,24.17,42.3,5.74,123.1,pigeonpeas
38.04,75.6,19.59,30.51,62.45,6.69,66.27,blackgram
25.42,61.91,72.48,19.96,22.7,6.55,81.73,chickpea
22.7,62.37,18.74,20.37,77.73,7.25,54.64,lentil
31.85,84.63,20.03,21.03,27.71,5.4,95.29,kidneybeans
9.48,139.95,194.66,21.55,85.32,5.9,105.43,apple
36.17,6.64,20.18,15.0,94.49,6.85,96.75,pomegranate
23.25,13.69,40.38,19.74,90.65,5.45,70.41,pomegranate
64.7,48.61,45.64,25.88,75.67,5.74,183.67,jute
82.75,19.59,39.64,25.43,90.63,5.98,21.2,muskmelon
11.6,72.57,30.96,29.78,50.27,5.31,124.59,pigeonpeas
82.04,37.98,37.38,24.31,77.86,7.5,163.99,jute
76.46,42.1,14.5,25.77,82.72,7.34,155.29,jute
32.8,42.28,37.57,30.24,24.07,5.92,94.96,mango
15.69,19.26,54.62,19.84,95.36,6.97,135.69,pomegranate
19.51,50.0,15.73,31.66,45.99,7.66,29.03,mothbeans
30.05,70.5,34.41,25.1,50.18,7.05,68.22,blackgram
81.7,51.62,55.86,21.29,92.67,5.22,223.93,rice
9.77,56.05,9.31,28.01,77.39,7.03,57.21,lentil
34.11,49.18,26.53,24.86,61.51,7.0,67.03,blackgram
13.92,27.29,23.77,22.51,43.17,5.76,48.97,mothbeans
9.35,125.73,199.59,23.56,87.03,5.58,73.91,grapes
104.97,10.53,39.74,18.81,91.11,6.34,51.89,watermelon
27.74,54.94,30.99,25.44,87.38,6.95,43.26,mungbean
111.94,31.16,33.42,24.32,78.24,6.74,57.3,cotton
52.04,57.39,38.12,33.58,97.14,6.61,148.7,papaya
99.44,21.56,46.76,18.41,91.34,6.58,45.44,watermelon
30.76,19.67,22.6,37.36,57.82,4.85,83.69,mango
123.33,70.85,32.61,30.32,68.63,5.92,162.35,banana
15.01,63.15,15.16,11.38,25.49,6.21,118.03,kidneybeans
20.28,51.52,6.95,29.44,79.72,7.03,38.37,mungbean
106.87,11.28,67.95,32.63,95.02,6.94,25.52,muskmelon
33.08,26.88,16.34,30.02,95.15,5.96,215.37,coconut
22.72,70.71,27.75,17.01,17.94,5.27,88.49,kidneybeans
13.97,18.74,40.34,12.13,84.16,5.96,123.44,pomegranate
44.51,65.83,20.29,21.85,70.96,7.15,74.0,blackgram
41.23,63.76,18.31,31.24,67.6,8.01,56.07,blackgram
123.64,2.13,44.92,18.62,85.16,6.61,69.09,watermelon
90.56,80.82,50.15,21.25,72.64,6.13,85.26,banana
18.29,15.37,48.9,18.57,89.0,6.96,137.78,pomegranate
104.19,36.81,31.79,28.86,52.71,6.34,157.7,coffee
46.07,51.72,57.68,30.24,96.25,6.78,140.87,papaya
114.76,52.83,46.76,27.35,80.09,7.02,192.95,jute
16.57,16.79,30.39,27.53,89.64,5.94,139.34,coconut
15.95,20.71,12.19,20.27,84.45,8.32,107.18,orange
33.1,24.29,38.54,28.09,92.92,5.32,169.97,coconut
88.6,11.32,51.3,21.81,87.11,6.84,56.41,watermelon
10.51,126.75,206.61,23.53,93.31,6.27,104.77,apple
58.04,61.95,48.04,34.61,87.24,6.36,143.54,papaya
91.87,30.39,40.99,24.96,83.2,6.22,20.97,muskmelon
111.99,17.05,44.42,30.98,94.64,6.09,25.39,muskmelon
120.58,41.11,21.34,26.2,88.2,7.03,66.64,cotton
22.49,127.45,210.16,24.56,82.26,6.31,64.37,grapes
102.6,39.74,61.5,22.99,85.42,6.41,153.23,jute
76.97,34.5,43.06,26.1,83.63,6.84,168.22,jute
27.5,130.62,207.8,20.48,80.22,6.66,71.02,grapes
18.8,50.69,16.19,23.1,62.13,6.68,34.03,lentil
83.82,48.38,35.88,23.54,79.84,6.4,213.16,rice
16.81,22.53,36.12,26.32,41.38,5.94,107.46,mango
19.16,71.13,19.8,23.35,65.47,6.66,41.57,lentil
22.31,133.59,211.89,20.0,87.72,5.43,115.66,apple
30.18,46.26,16.25,25.02,77.77,6.97,53.78,mungbean
10.91,11.81,28.16,28.01,90.98,5.59,187.77,coconut
98.57,29.06,34.01,25.02,82.23,5.97,254.91,rice
108.22,25.52,2.41,24.76,58.98,5.79,99.17,maize
12.57,21.96,29.27,36.67,51.91,5.46,99.41,mango
22.68,31.32,52.55,18.26,94.1,6.02,120.92,pomegranate
117.39,55.96,25.89,21.05,73.94,6.8,91.05,cotton
24.13,55.19,8.76,24.32,62.45,7.15,44.2,lentil
111.48,28.82,52.45,27.23,83.48,6.37,31.59,muskmelon
26.41,25.42,19.17,16.69,85.85,6.68,100.61,orange
8.76,142.64,225.05,22.65,91.48,5.89,49.41,grapes
5.35,34.49,31.98,33.57,52.17,6.18,75.15,mothbeans
93.94,35.91,39.39,26.09,71.35,6.45,137.82,coffee
17.33,70.65,11.84,17.93,20.13,5.79,97.61,kidneybeans
36.1,75.24,21.99,21.14,21.72,5.71,97.97,kidneybeans
116.28,82.39,45.16,26.26,79.16,6.24,127.49,banana
99.73,19.35,54.85,24.09,97.65,6.41,47.23,watermelon
11.97,61.69,31.33,26.32,63.74,7.02,39.0,lentil
44.79,62.42,24.08,22.05,67.36,6.8,40.89,lentil
100.51,28.64,39.47,22.76,51.23,7.29,138.43,coffee
23.8,64.98,15.29,22.63,54.68,6.26,103.63,pigeonpeas
58.49,64.07,43.42,33.52,87.76,6.71,150.27,papaya
48.79,49.54,61.75,27.36,90.36,6.68,142.4,papaya
27.56,15.97,10.92,21.26,94.85,6.73,129.87,orange
26.33,39.29,26.82,24.31,92.26,6.71,42.04,mungbean
80.73,40.41,14.38,20.35,51.78,7.17,60.12,maize
116.99,33.48,52.52,29.8,97.19,6.29,26.46,muskmelon
27.57,36.53,37.89,29.11,44.35,5.28,96.68,mango
104.49,30.7,35.6,25.39,89.21,5.48,276.53,rice
46.83,63.85,24.53,27.03,64.61,7.38,111.58,blackgram
54.61,60.3,38.42,23.72,76.94,5.37,262.93,rice
59.16,23.55,28.18,32.76,74.07,6.58,96.9,maize
24.2,133.58,201.95,23.93,84.55,5.68,90.99,grapes
13.78,76.72,31.98,21.55,53.36,7.02,39.53,lentil
102.68,69.08,41.25,27.0,80.22,6.28,211.92,jute
106.79,53.64,35.78,28.15,71.93,7.24,70.05,cotton
96.44,18.9,42.37,28.94,50.93,6.74,146.41,coffee
94.23,81.37,54.83,30.25,78.33,6.61,57.28,banana
21.88,7.15,27.33,32.32,45.83,5.38,111.92,mango
126.81,13.53,64.96,28.84,79.99,6.91,42.18,watermelon
33.96,12.01,6.41,24.35,95.54,7.31,147.79,orange
97.4,20.33,43.74,25.69,88.89,6.21,59.38,watermelon
17.62,58.12,22.57,28.58,42.84,6.94,40.02,mothbeans
15.72,70.11,35.48,30.26,47.62,5.71,139.3,pigeonpeas
129.6,50.52,26.03,17.93,70.68,7.3,57.42,cotton
95.46,60.95,9.13,22.23,85.45,7.16,63.38,cotton
7.77,133.11,188.85,19.62,86.05,5.72,111.44,apple
15.71,47.93,11.07,21.71,20.22,5.48,108.2,kidneybeans
128.98,53.39,15.27,28.16,76.2,7.46,86.63,cotton
18.5,35.41,21.75,29.52,33.92,5.27,131.15,mango
66.74,46.54,40.58,21.57,83.79,6.48,273.32,rice
10.03,113.69,192.59,24.42,99.9,6.27,133.15,apple
32.03,129.66,202.02,22.52,76.92,5.3,54.17,grapes
18.79,108.46,202.24,23.05,92.67,4.71,86.69,apple
39.71,72.75,11.64,28.92,60.0,7.4,68.44,blackgram
18.99,27.72,63.65,15.25,88.87,5.45,110.85,pomegranate
44.8,55.29,49.28,33.16,92.64,6.92,137.68,papaya
56.44,30.1,27.53,19.07,61.2,6.58,65.63,maize
22.29,30.51,18.3,23.85,90.64,6.38,218.9,coconut
21.85,28.02,33.06,31.28,59.94,5.85,65.84,mango
26.82,127.22,180.96,20.55,92.22,6.39,100.64,apple
35.55,124.12,206.57,28.3,75.11,5.86,87.13,grapes
28.73,10.25,9.35,23.38,89.82,7.19,121.11,orange
22.52,29.14,39.76,15.31,94.21,6.7,68.16,pomegranate
9.79,52.12,22.34,27.58,43.09,5.87,197.66,pigeonpeas
13.67,21.95,41.24,24.74,93.88,6.41,89.05,pomegranate
86.86,87.33,41.94,26.35,87.71,6.4,118.05,banana
99.82,70.79,49.43,26.85,80.8,6.26,79.22,banana
21.85,56.46,13.78,32.68,40.76,7.61,45.53,mothbeans
30.34,59.61,16.27,24.55,58.46,6.65,62.23,blackgram
30.48,42.84,27.5,32.91,91.56,6.26,45.46,mungbean
60.63,54.32,80.24,23.24,15.6,7.48,64.06,chickpea
46.89,58.16,17.81,28.96,66.2,7.14,74.1,blackgram
94.17,35.37,27.58,27.77,45.43,6.14,140.22,coffee
128.07,53.18,30.81,26.65,79.04,6.45,105.02,cotton
19.17,22.1,30.42,38.91,59.23,6.27,103.71,mango
44.89,44.72,40.92,34.36,97.37,6.8,162.0,papaya
14.6,11.07,12.17,17.19,84.78,7.01,109.55,orange
107.26,47.51,13.13,24.08,84.5,6.88,74.14,cotton
14.87,10.81,42.8,10.3,81.25,6.33,108.65,pomegranate
14.16,141.89,196.19,25.81,89.01,5.52,61.51,grapes
84.25,72.9,57.6,25.15,73.26,5.76,99.36,banana
87.4,41.85,13.13,25.8,58.39,6.36,136.2,maize
25.2,10.55,26.31,28.89,94.59,5.09,150.59,coconut
24.05,59.47,24.54,24.85,63.9,7.62,87.82,mothbeans
19.09,21.57,42.64,31.79,43.73,5.61,117.42,mango
18.23,13.67,13.48,33.9,54.36,5.98,113.42,mango
25.7,123.11,185.9,18.11,84.69,6.3,81.71,apple
107.3,18.58,57.74,24.85,90.3,6.31,28.65,muskmelon
22.33,61.36,18.53,16.54,63.23,7.29,38.69,lentil
22.52,6.45,44.57,19.43,86.19,6.1,99.13,pomegranate
99.45,64.62,50.18,30.63,77.0,6.16,117.03,banana
28.03,135.48,208.25,16.82,91.2,5.79,106.39,apple
29.75,27.08,11.26,17.98,94.69,7.62,137.4,orange
32.59,54.94,40.53,34.35,86.09,6.67,162.95,papaya
19.82,77.79,28.66,20.77,59.61,7.28,17.87,lentil
119.56,60.63,21.18,27.41,74.53,6.82,102.27,cotton
92.9,18.67,23.72,23.95,54.1,6.54,202.47,coffee
14.47,5.12,27.87,25.08,93.84,6.18,199.88,coconut
21.09,65.25,14.27,26.43,69.25,7.24,43.77,lentil
9.28,121.48,209.66,22.1,90.09,5.85,121.78,apple
110.28,11.89,48.44,30.06,88.79,6.17,29.73,muskmelon
33.08,58.41,15.41,30.61,73.27,6.94,80.71,blackgram
43.98,64.42,14.12,28.44,52.2,8.01,50.72,blackgram
27.8,70.16,27.83,29.09,39.17,5.63,126.59,pigeonpeas
49.69,69.27,73.54,24.33,10.03,7.67,95.01,chickpea
52.93,28.72,40.48,25.78,77.48,6.52,163.54,rice
135.32,54.22,25.59,27.35,79.44,6.15,78.92,cotton
23.6,46.3,10.71,25.87,45.59,5.2,161.67,pigeonpeas
26.56,64.66,23.64,16.45,20.02,5.62,90.07,kidneybeans
78.68,65.8,13.57,29.56,76.42,6.02,96.38,maize
101.83,77.81,41.75,23.82,76.42,6.45,86.78,banana
68.47,63.18,59.93,26.5,83.92,6.47,223.68,jute
12.57,17.81,3.59,19.75,95.32,8.04,119.55,orange
50.0,53.43,52.7,36.26,88.48,6.09,159.58,papaya
10.8,29.12,24.97,28.07,89.64,5.82,182.28,coconut
26.35,42.03,18.03,30.96,47.3,6.03,48.07,mothbeans
90.29,55.58,22.41,21.45,71.8,6.07,258.7,rice
10.22,146.9,220.55,28.63,80.32,5.54,54.01,grapes
12.84,75.63,38.7,21.42,69.27,6.61,55.41,lentil
56.25,54.07,57.5,27.94,90.74,6.93,160.51,papaya
32.83,46.33,79.17,18.63,23.57,7.55,64.64,chickpea
43.77,64.71,91.26,18.85,7.13,7.8,66.41,chickpea
14.49,123.15,194.51,20.22,85.6,5.45,95.41,apple
108.59,22.21,48.82,21.53,81.59,6.96,44.18,watermelon
111.83,55.32,24.81,23.55,88.33,5.85,247.75,rice
44.78,64.33,46.5,27.98,89.64,6.27,148.68,papaya
14.57,15.86,24.19,24.34,74.91,5.57,56.14,mungbean
87.43,38.67,36.0,28.78,77.97,6.38,204.27,jute
33.07,62.57,72.37,29.01,90.58,5.69,134.48,papaya
16.94,13.91,34.35,28.48,85.75,7.38,115.74,pomegranate
29.43,137.91,197.15,18.47,94.16,6.34,127.1,apple
77.22,40.92,43.11,25.94,82.21,6.63,126.12,jute
34.96,63.49,13.87,25.62,67.48,6.59,62.2,blackgram
75.46,36.12,21.36,23.64,63.02,6.52,108.81,maize
8.28,20.08,36.74,15.62,88.59,6.6,117.56,pomegranate
38.25,58.82,7.72,19.48,53.7,4.86,138.83,pigeonpeas
101.43,8.76,52.27,22.84,97.23,6.42,20.83,muskmelon
0.0,47.11,16.09,32.78,85.1,6.22,47.5,mungbean
42.23,53.02,28.67,29.63,66.59,7.1,60.75,blackgram
64.23,40.07,45.77,26.88,86.1,6.4,189.9,jute
25.84,20.32,36.13,26.83,93.04,5.97,203.92,coconut
48.89,53.78,13.87,29.2,73.23,7.3,71.48,blackgram
93.16,38.52,5.72,27.49,79.85,6.01,85.64,cotton
85.66,12.27,62.45,24.85,86.88,6.45,35.8,watermelon
0.0,60.0,15.79,32.55,44.92,5.99,154.24,pigeonpeas
92.5,87.43,47.66,26.41,82.05,5.76,129.86,banana
31.07,123.2,201.82,22.88,93.87,5.79,137.63,apple
20.53,123.99,207.8,21.82,87.64,5.53,82.46,apple
9.58,69.52,17.15,24.09,70.58,6.41,38.16,lentil
41.36,61.41,56.04,37.54,91.23,6.48,146.33,papaya
23.96,48.83,16.73,31.02,79.36,7.15,49.54,mungbean
80.42,40.3,27.51,20.94,63.77,6.07,76.31,maize
30.37,57.81,25.96,26.22,47.49,5.85,157.57,pigeonpeas
108.85,38.82,46.16,25.92,51.87,6.12,176.04,coffee
5.55,15.93,14.88,23.75,92.28,7.19,109.46,orange
16.88,24.48,35.79,24.91,84.34,5.96,120.75,pomegranate
22.21,45.09,7.43,32.07,81.95,6.9,32.37,mungbean
81.7,42.73,15.8,27.75,45.86,7.04,196.55,coffee
100.18,60.93,34.89,22.03,81.37,6.23,273.77,rice
29.82,49.19,29.96,30.69,54.43,7.21,45.01,lentil
28.36,0.0,33.1,27.44,99.01,5.29,213.93,coconut
118.86,29.97,33.44,28.54,57.23,7.1,167.1,coffee
65.88,53.0,25.59,27.77,71.27,6.51,50.32,blackgram
32.24,71.65,12.6,20.61,45.38,5.69,164.89,pigeonpeas
23.18,122.13,206.27,23.85,77.06,6.9,77.15,grapes
72.0,13.6,53.98,23.61,83.46,6.96,51.28,watermelon
13.86,0.0,12.01,22.75,92.17,6.74,109.31,orange
75.51,45.92,20.12,24.34,83.79,6.94,209.27,rice
18.59,49.51,16.07,17.15,19.72,5.6,103.76,kidneybeans
33.59,69.32,88.0,21.26,21.94,7.58,85.27,chickpea
88.3,29.94,29.94,23.5,59.62,7.22,159.85,coffee
82.29,70.48,71.11,24.42,78.38,5.85,91.57,banana
9.18,28.49,28.29,31.26,49.87,6.83,68.4,mango
127.73,6.54,52.74,32.7,95.0,6.47,17.25,muskmelon
26.25,4.39,6.68,21.64,98.83,6.98,119.0,orange
83.83,38.52,34.17,25.21,76.87,6.26,205.04,jute
84.02,55.53,38.94,24.46,88.32,6.92,211.28,jute
100.51,10.16,45.43,23.78,92.39,6.82,16.22,muskmelon
26.95,33.14,24.7,29.86,75.44,6.74,43.32,mungbean
111.05,37.74,26.08,23.33,79.52,7.01,83.98,cotton
26.02,124.12,210.89,23.15,80.29,6.02,103.88,apple
107.81,23.35,24.39,23.82,45.99,6.82,169.59,coffee
19.89,44.37,21.93,28.25,88.99,7.07,37.49,mungbean
24.82,60.54,36.43,21.56,81.84,6.91,31.24,lentil
96.36,24.7,40.14,25.68,86.96,6.43,16.3,muskmelon
87.44,41.5,22.92,32.61,62.54,6.4,106.01,maize
21.12,65.73,27.75,26.9,68.95,6.76,52.42,lentil
21.63,12.49,32.82,30.16,94.72,6.77,152.55,coconut
40.21,84.01,79.39,16.87,8.43,6.58,56.24,chickpea
28.78,60.21,13.1,20.08,19.04,6.12,117.34,kidneybeans
105.24,34.29,28.73,25.86,57.7,6.84,144.99,coffee
96.61,96.36,42.96,23.84,79.66,5.97,115.4,banana
13.67,37.2,28.66,23.95,49.68,6.82,51.34,mothbeans
101.72,16.13,58.27,24.69,76.21,6.4,38.33,watermelon
94.19,62.65,48.51,19.9,81.77,5.61,103.27,banana
65.72,42.51,24.87,27.33,60.31,6.85,55.28,blackgram
123.62,23.91,35.9,24.69,47.68,7.09,122.63,coffee
29.75,45.49,21.15,19.73,54.08,5.75,162.59,pigeonpeas
86.79,48.89,46.21,27.42,78.55,6.35,195.69,jute
42.18,69.76,6.02,27.38,62.96,7.2,84.71,blackgram
25.22,135.2,198.62,22.87,97.79,6.36,76.2,grapes
30.55,126.02,191.31,25.84,81.84,6.33,56.41,grapes
43.49,39.68,46.7,27.04,87.64,6.09,151.6,papaya
21.18,12.84,23.57,29.62,41.86,6.14,111.21,mango
21.7,52.83,16.55,29.22,57.41,7.02,40.09,mothbeans
84.4,37.86,58.66,26.42,76.04,6.53,191.01,rice
16.06,79.44,9.95,20.44,19.61,5.59,120.81,kidneybeans
21.77,146.15,218.42,23.56,83.74,5.6,67.79,grapes
97.43,16.47,32.91,26.18,84.55,7.14,38.73,watermelon
23.74,12.89,14.13,24.88,83.63,6.77,92.89,orange
107.0,49.49,46.29,26.09,96.42,7.13,70.55,cotton
12.29,55.43,22.75,17.85,21.16,5.4,100.39,kidneybeans
0.0,60.49,24.41,31.8,44.29,5.59,184.62,pigeonpeas
23.6,85.86,11.88,25.55,51.33,5.77,120.53,pigeonpeas
58.54,77.21,85.82,18.32,11.2,7.15,96.33,chickpea
19.52,26.25,40.72,29.23,82.81,6.19,104.47,pomegranate
21.32,146.55,183.64,29.81,82.68,5.96,67.03,grapes
32.06,23.32,30.38,27.26,89.49,5.68,187.93,coconut
130.9,87.59,48.44,28.03,86.22,5.69,86.96,banana
12.41,28.53,38.53,12.12,83.0,6.3,83.74,pomegranate
96.9,42.31,28.93,32.72,82.3,6.21,229.03,rice
95.94,81.73,69.53,29.06,87.68,6.24,85.77,banana
96.03,74.26,43.97,27.01,74.7,5.8,89.68,banana
114.18,76.47,31.27,33.13,75.01,5.58,122.07,banana
113.15,32.45,20.55,21.55,73.67,6.61,117.28,cotton
104.69,21.59,63.98,28.57,82.29,6.46,58.05,watermelon
10.04,47.33,15.14,24.96,78.3,6.87,41.19,mungbean
24.86,41.68,29.7,38.8,36.21,6.08,118.33,mango
34.3,28.31,53.49,21.1,91.6,6.8,138.21,pomegranate
122.74,4.94,50.1,25.93,90.45,6.56,30.36,muskmelon
16.91,11.21,16.18,22.29,100.0,7.17,114.85,orange
87.16,40.77,9.74,26.99,59.05,5.52,76.44,maize
97.6,88.18,64.56,30.09,72.96,6.18,117.01,banana
64.34,55.48,58.66,24.35,84.21,7.19,200.43,jute
95.73,28.18,23.51,29.95,57.04,6.43,132.1,coffee
33.85,56.44,15.11,32.36,65.1,7.03,66.46,blackgram
26.0,47.79,12.39,28.96,45.07,6.48,52.27,mothbeans
85.02,5.86,41.2,27.48,92.52,6.29,6.15,muskmelon
43.05,70.87,31.31,30.34,60.99,6.92,71.34,blackgram
38.87,139.57,204.17,21.05,84.86,5.71,89.0,grapes
20.06,123.03,205.73,28.48,85.62,6.37,62.19,grapes
131.18,60.83,0.0,24.33,69.59,7.88,72.98,cotton
26.05,145.43,202.65,22.05,86.42,5.45,53.78,grapes
36.37,58.25,16.78,34.97,41.34,5.52,145.59,pigeonpeas
8.68,26.03,6.18,16.61,93.19,6.9,87.81,orange
13.24,30.01,19.27,27.74,57.39,7.27,49.29,mothbeans
17.18,30.25,35.81,34.63,49.81,6.46,113.16,mango
67.04,47.13,40.27,23.76,78.15,6.61,195.25,jute
17.84,29.18,21.75,33.11,49.38,5.69,87.77,mango
16.97,73.99,20.3,25.98,79.13,7.32,45.93,lentil
20.57,32.06,14.43,25.25,62.92,6.6,62.82,mothbeans
2.16,47.27,15.51,26.34,88.48,7.17,45.27,mungbean
31.92,60.46,43.95,34.89,87.57,6.39,91.47,papaya
20.66,23.89,17.46,21.1,93.33,7.67,67.52,orange
95.37,60.95,51.38,21.34,80.27,6.35,90.46,banana
22.76,8.32,12.45,26.58,93.04,5.74,180.57,coconut
11.36,15.23,25.76,29.53,45.7,5.99,96.58,mango
52.92,57.51,30.52,29.63,63.72,8.1,53.22,blackgram
101.7,41.97,28.25,17.06,65.14,6.74,86.65,maize
105.9,25.85,47.54,23.99,95.06,6.63,25.57,muskmelon
42.19,60.54,18.39,30.1,73.32,6.32,62.83,blackgram
91.1,61.85,51.18,26.0,85.43,6.01,161.95,jute
81.63,93.77,44.16,23.74,80.15,5.74,129.67,banana
16.76,4.95,12.06,23.58,80.06,6.67,96.18,orange
28.83,79.42,21.75,21.47,45.52,7.17,36.85,lentil
68.48,39.65,21.87,29.2,55.01,6.79,80.72,maize
24.37,23.28,19.94,28.47,83.61,7.22,52.22,mungbean
138.14,39.34,16.37,30.94,75.78,7.2,88.43,cotton
120.83,50.35,13.37,21.73,82.93,7.85,95.05,cotton
104.12,34.5,36.65,27.32,55.05,6.61,110.15,coffee
13.91,36.22,20.8,29.44,92.48,6.5,43.02,mungbean
29.79,75.96,14.99,14.04,19.99,5.38,103.73,kidneybeans
34.38,62.91,63.17,16.58,20.82,7.95,61.48,chickpea
29.54,55.22,27.35,26.62,79.6,6.45,49.96,mungbean
16.05,6.36,31.82,22.56,92.91,6.39,130.14,pomegranate
18.43,54.58,24.56,23.01,60.85,7.24,45.29,lentil
17.08,88.88,21.44,23.18,58.31,7.34,53.67,lentil
67.73,65.92,29.94,21.36,87.79,6.6,254.96,rice
109.54,13.01,31.27,23.65,87.03,6.91,35.94,watermelon
66.97,61.92,21.23,21.79,77.56,6.78,214.81,jute
15.32,15.56,26.99,19.28,94.82,6.92,126.21,pomegranate
34.95,65.35,13.58,20.56,73.72,6.67,45.44,lentil
34.76,57.36,27.01,26.87,70.16,6.95,40.34,blackgram
34.07,144.66,207.1,25.92,90.49,6.13,79.69,grapes
30.28,26.43,31.42,32.43,59.37,5.14,106.69,mango
70.99,42.08,33.98,30.56,81.93,5.67,262.9,rice
65.83,48.65,26.64,23.68,86.11,6.72,128.01,jute
75.62,76.43,50.33,30.41,82.0,6.12,77.45,banana
126.63,47.7,22.3,29.03,79.77,7.2,110.77,cotton
81.01,51.3,36.53,23.25,88.43,7.66,178.58,jute
21.18,59.51,80.93,19.48,10.86,7.81,67.01,chickpea
15.48,13.2,36.5,26.31,97.24,5.5,143.7,coconut
13.77,47.03,16.34,28.56,92.55,6.94,53.09,mungbean
26.84,81.49,28.56,24.08,50.89,5.15,167.17,pigeonpeas
95.36,86.05,49.65,24.44,86.45,6.02,140.97,banana
95.34,88.1,49.6,29.38,86.75,6.42,109.41,banana
14.95,77.43,29.82,23.0,50.65,6.67,39.0,lentil
17.98,55.29,26.37,28.05,80.13,6.96,48.19,mungbean
52.17,65.1,49.65,31.9,89.96,6.46,161.69,papaya
25.72,72.18,23.51,18.06,24.36,5.94,97.92,kidneybeans
130.13,5.22,57.34,23.28,83.32,6.37,40.36,watermelon
27.19,16.34,31.65,25.59,99.22,7.04,168.04,coconut
23.7,85.24,9.09,18.57,17.69,5.87,105.38,kidneybeans
79.42,38.27,27.07,25.61,50.39,7.04,112.6,maize
7.58,12.96,29.16,37.76,48.38,5.73,66.16,mango
15.23,130.87,194.45,21.04,85.71,6.21,88.14,grapes
15.86,44.12,37.36,23.73,38.19,7.19,41.86,mothbeans
53.95,69.18,45.37,36.23,97.55,7.13,125.5,papaya
26.12,19.37,10.6,23.99,89.27,6.43,124.46,orange
84.66,59.75,48.58,24.52,81.9,5.7,229.26,rice
24.62,17.24,34.95,24.74,94.59,5.95,180.79,coconut
40.84,54.31,27.65,35.97,64.86,7.3,69.18,blackgram
19.04,53.97,26.56,24.55,61.64,6.14,59.44,lentil
96.39,3.39,53.74,25.79,85.32,6.41,46.49,watermelon
15.56,31.28,47.23,35.92,34.62,6.03,91.44,mango
26.33,26.78,12.32,39.98,63.97,6.09,79.94,mango
31.35,40.12,30.22,28.35,38.34,5.26,200.29,pigeonpeas
31.58,16.74,52.31,17.2,85.47,5.46,140.46,pomegranate
17.61,53.09,15.32,25.75,83.89,6.23,66.21,mungbean
12.59,64.69,13.21,19.72,12.07,5.56,111.02,kidneybeans
14.89,36.85,11.47,34.37,63.65,7.76,35.33,mothbeans
31.47,18.05,23.38,27.8,99.12,6.27,188.69,coconut
20.85,70.84,35.81,13.31,29.09,5.74,87.02,kidneybeans
87.1,35.81,55.5,22.65,80.39,6.61,180.77,rice
3.28,43.3,17.88,26.8,84.43,6.81,46.5,mungbean
74.98,40.25,33.47,30.3,84.02,5.57,266.71,rice
27.81,24.73,63.25,18.88,94.79,6.36,131.67,pomegranate
92.91,41.92,26.59,21.64,86.58,6.32,166.86,jute
20.76,48.74,0.0,24.89,66.12,6.79,43.94,lentil
18.86,48.39,28.24,30.62,43.86,7.21,49.22,mothbeans
15.69,59.52,26.67,22.58,49.76,6.41,134.6,pigeonpeas
3.8,17.97,26.17,24.61,93.92,6.04,91.68,pomegranate
19.82,48.22,19.91,25.56,59.59,6.91,50.21,mothbeans
38.71,56.48,13.93,26.06,62.82,7.59,56.73,blackgram
53.13,66.92,44.28,31.08,100.0,7.09,161.77,papaya
69.88,47.12,20.63,29.76,58.3,7.03,137.78,coffee
93.24,84.94,42.27,26.83,72.43,6.25,135.3,banana
17.23,18.63,38.96,33.78,51.35,6.07,94.25,mango
39.09,68.32,81.9,21.13,13.82,7.51,76.11,chickpea
89.23,23.37,56.54,28.87,98.58,6.18,23.5,muskmelon
17.85,28.67,40.6,27.42,41.9,5.03,84.02,mango
32.89,61.16,16.71,32.06,61.97,7.93,74.03,blackgram
83.9,17.92,49.7,28.96,92.58,6.55,22.51,muskmelon
23.35,47.24,28.51,28.01,59.08,6.02,183.04,pigeonpeas
102.51,48.5,17.21,21.6,60.43,7.34,92.64,maize
26.82,17.44,9.75,21.24,90.95,7.24,117.34,orange
17.21,10.64,57.84,27.73,85.58,6.46,93.39,pomegranate
14.9,12.45,10.36,20.31,84.89,7.09,131.47,orange
20.01,71.86,2.77,25.34,59.89,7.56,51.23,lentil
92.0,8.79,45.42,24.71,83.06,6.41,54.01,watermelon
25.17,21.28,36.34,28.89,81.12,6.76,49.76,mungbean
29.51,11.03,16.67,33.57,96.35,5.79,196.73,coconut
9.89,49.86,4.41,21.85,88.7,6.9,47.43,mungbean
27.23,3.78,51.18,24.55,97.07,5.5,159.53,coconut
11.01,47.43,3.34,29.66,48.61,7.76,40.7,mothbeans
15.11,44.07,18.08,31.35,54.49,6.43,72.69,mothbeans
58.18,69.42,55.52,38.69,100.0,6.88,121.04,papaya
21.0,22.94,31.59,27.18,93.66,5.32,223.45,coconut
91.28,52.91,30.91,29.21,74.99,6.49,317.62,rice
96.63,48.2,24.06,27.27,72.35,6.99,97.97,maize
104.38,17.92,58.69,25.07,80.11,6.26,26.25,watermelon
18.63,129.18,210.51,20.51,80.21,6.38,65.5,grapes
107.13,0.0,16.87,18.44,59.4,6.9,157.08,coffee
29.57,19.86,30.93,24.83,93.32,5.99,114.63,pomegranate
12.39,33.77,59.33,22.03,89.94,6.81,128.9,pomegranate
37.54,56.57,101.71,18.47,16.62,7.52,80.65,chickpea
102.96,52.19,18.29,28.96,64.19,6.13,72.73,maize
15.92,27.8,33.21,28.04,55.78,5.83,60.69,mango
4.65,27.67,21.61,24.59,88.16,6.68,80.35,pomegranate
19.01,34.36,19.92,22.93,79.4,6.97,54.04,mungbean
125.85,48.82,23.01,24.82,79.69,7.5,60.31,cotton
15.28,51.99,20.2,23.37,85.82,7.58,52.93,mungbean
88.37,40.76,24.31,19.32,64.35,5.59,82.78,maize
25.11,61.71,24.83,16.37,20.19,5.72,84.96,kidneybeans
20.42,54.39,14.26,21.86,55.82,4.75,184.61,pigeonpeas
88.39,41.41,46.69,23.56,89.16,6.84,159.5,jute
111.83,21.48,28.66,22.38,53.61,6.91,137.46,coffee
114.6,43.52,20.32,20.57,75.4,6.19,66.16,cotton
88.09,43.78,41.72,23.82,80.06,6.23,155.23,jute
128.99,37.39,15.16,17.74,78.24,6.46,81.19,cotton
27.16,31.27,22.81,22.07,53.38,7.75,38.63,mothbeans
78.63,15.3,46.98,29.76,87.0,6.57,60.04,watermelon
95.32,78.62,43.73,30.69,82.31,6.1,116.17,banana
32.72,70.74,31.2,21.63,37.07,5.73,165.08,pigeonpeas
85.2,49.98,0.0,31.35,61.88,6.85,64.2,maize
18.3,117.57,206.38,29.23,85.32,6.08,76.14,grapes
22.81,32.69,33.83,35.88,51.89,5.65,76.68,mango
80.9,69.63,38.08,25.9,81.83,5.62,275.71,rice
19.42,128.18,190.59,16.32,91.2,6.03,133.99,apple
89.99,59.58,52.05,24.67,76.0,5.8,134.9,banana
126.5,33.63,22.7,27.66,54.38,6.49,96.4,coffee
19.64,46.83,14.64,31.52,43.59,7.04,64.18,mothbeans
30.79,149.94,202.17,17.28,90.46,6.06,113.5,apple
17.24,49.89,25.49,25.48,85.34,5.89,62.42,mungbean
139.09,45.37,20.5,25.02,99.12,7.44,90.52,cotton
10.35,11.0,34.79,25.29,94.79,6.0,170.32,coconut
101.49,78.1,55.16,25.04,76.94,5.79,127.06,banana
121.41,49.0,4.17,23.59,83.38,6.83,70.49,cotton
29.04,130.31,215.41,20.42,89.83,6.23,79.54,apple
21.28,3.29,44.61,25.19,89.59,7.1,124.2,pomegranate
85.55,29.47,35.93,26.89,57.53,6.7,161.29,coffee
26.2,58.73,88.62,21.86,18.57,7.59,87.74,chickpea
9.77,13.04,0.0,20.23,91.59,7.23,104.63,orange
40.16,84.0,28.18,33.93,68.13,7.57,57.86,blackgram
106.31,47.44,13.5,26.47,80.84,6.45,81.22,cotton
39.64,48.85,91.65,16.8,11.95,7.38,97.23,chickpea
63.94,49.82,37.77,27.14,84.37,6.16,196.13,rice
100.03,56.39,45.04,25.31,81.6,7.17,205.59,jute
85.63,73.67,42.03,33.06,95.77,7.01,153.06,papaya
16.83,68.17,17.34,26.63,43.77,5.04,159.65,pigeonpeas
106.64,34.06,34.93,26.36,79.61,6.77,173.41,coffee
103.88,8.47,55.95,23.16,83.38,6.6,51.24,watermelon
32.01,60.17,70.47,19.37,24.12,7.43,76.21,chickpea
91.62,35.73,39.4,15.28,76.88,6.07,180.09,rice
20.22,25.86,12.19,20.31,80.37,6.91,130.56,orange
46.54,74.72,19.89,27.2,52.53,7.43,73.93,blackgram
123.09,72.72,62.43,28.07,70.95,6.25,97.65,banana
102.89,30.41,34.35,23.2,89.11,6.63,52.16,watermelon
27.01,49.39,32.03,25.68,46.31,5.49,141.36,pigeonpeas
111.59,44.25,21.05,25.09,79.91,6.67,50.55,cotton
65.59,49.86,31.55,23.38,75.3,6.67,198.59,jute
122.32,37.99,20.9,24.43,58.28,6.84,172.91,coffee
16.64,52.56,4.69,29.98,80.98,6.82,45.52,mungbean
80.38,78.55,50.44,21.49,86.94,6.06,107.63,banana
24.35,53.46,24.11,26.62,88.78,6.14,58.54,mungbean
77.78,64.1,51.63,24.69,83.58,6.54,175.85,jute
20.41,134.12,210.1,22.66,77.59,5.42,77.2,grapes
19.69,35.19,41.07,32.24,42.29,5.03,59.86,mango
81.13,22.09,73.23,31.19,99.07,6.49,32.74,muskmelon
15.96,124.89,208.72,25.21,91.56,6.17,90.46,apple
143.3,46.4,14.66,25.08,82.5,6.93,82.68,cotton
94.88,25.18,57.33,29.13,80.05,6.36,59.11,watermelon
108.24,34.32,34.73,25.3,63.58,5.83,152.78,coffee
18.49,63.96,18.29,26.91,68.35,6.99,32.29,lentil
16.84,15.39,1.69,24.58,78.16,8.09,140.04,orange
96.58,51.87,25.11,18.43,76.07,5.73,91.05,maize
42.67,50.68,45.08,39.53,90.0,7.06,132.6,papaya
17.1,22.73,45.21,16.68,94.99,6.85,84.4,pomegranate
70.15,45.9,54.82,37.44,95.79,7.03,156.69,papaya
14.23,28.39,38.31,33.39,38.61,6.56,82.18,mango
21.62,64.82,12.19,23.86,55.14,7.46,31.44,lentil
63.35,63.64,38.32,32.58,100.0,6.74,133.82,papaya
108.23,58.08,21.96,25.84,74.61,5.72,72.15,cotton
27.65,60.16,19.63,23.95,70.47,7.14,42.8,lentil
126.09,33.33,29.34,15.54,85.0,7.27,73.51,cotton
18.97,6.28,33.35,17.39,94.05,6.45,81.29,pomegranate
28.85,15.89,21.35,25.46,92.45,5.19,149.91,coconut
74.56,28.8,9.64,27.64,59.26,6.47,84.06,maize
76.4,41.25,47.11,26.33,80.2,6.78,186.76,rice
61.04,50.26,53.61,25.08,81.06,7.17,136.39,jute
29.56,54.58,20.41,28.69,61.59,6.91,60.85,mothbeans
12.47,38.21,38.06,33.93,50.07,5.23,114.56,mango
30.05,137.41,206.19,22.87,78.72,6.51,62.54,grapes
128.52,57.76,9.73,24.06,73.59,6.88,76.61,cotton
2.23,24.42,25.06,24.34,96.82,5.89,205.4,coconut
54.35,26.52,25.95,23.68,61.53,6.31,91.95,maize
101.85,20.56,54.34,25.74,86.39,7.4,21.13,muskmelon
103.01,0.18,43.26,25.43,89.27,6.63,24.14,muskmelon
31.46,17.5,13.13,26.11,88.79,7.44,115.51,orange
30.81,53.86,19.5,28.73,50.65,7.48,47.6,mothbeans
24.68,50.15,26.56,28.97,82.34,7.04,34.42,mungbean
120.83,64.17,30.78,26.73,84.77,7.18,97.38,cotton
22.27,9.11,8.22,17.42,91.03,6.88,115.98,orange
15.97,25.28,37.15,34.83,54.56,5.84,124.96,mango
87.47,59.51,49.59,31.46,78.16,6.64,237.33,rice
97.59,45.44,17.04,26.09,40.21,6.87,50.21,maize
26.76,64.51,8.76,26.79,61.63,6.42,148.14,pigeonpeas
22.87,40.34,23.03,34.41,45.77,6.11,65.82,mango
40.21,68.09,97.02,19.72,29.01,7.53,53.59,chickpea
82.05,23.15,26.7,29.66,65.4,7.26,170.5,coffee
29.42,10.68,2.84,21.79,90.26,6.66,108.4,orange
11.99,18.45,17.94,28.34,27.2,6.02,136.08,mango
23.51,129.24,188.41,18.55,79.43,6.36,88.84,grapes
67.41,41.91,43.31,27.93,79.6,6.11,185.75,rice
86.84,67.93,47.8,26.62,80.51,5.88,112.66,banana
69.5,35.08,37.91,23.94,82.98,6.68,190.69,jute
93.58,81.9,38.66,30.09,71.03,6.22,93.47,banana
10.77,47.48,16.88,27.63,47.23,5.59,121.63,pigeonpeas
13.43,20.23,16.78,20.5,94.66,6.59,158.92,orange
56.95,58.77,81.95,16.77,9.4,7.06,79.44,chickpea
113.38,11.62,53.36,20.3,87.04,7.28,38.06,watermelon
19.26,54.18,16.77,24.25,72.28,6.83,32.91,lentil
60.95,58.96,33.87,24.32,87.25,6.25,156.83,jute
21.15,73.72,9.99,19.4,77.64,6.66,56.36,lentil
21.51,117.3,209.63,21.68,91.44,6.26,118.69,apple
116.55,36.51,26.83,29.05,65.31,6.88,156.01,coffee
13.4,47.77,29.56,26.21,95.49,6.49,48.32,mungbean
22.17,70.51,22.72,19.17,14.37,6.12,128.39,kidneybeans
82.2,33.37,42.87,21.04,83.47,6.99,208.98,jute
56.63,51.2,51.18,31.94,96.19,6.64,140.53,papaya
33.88,68.62,68.56,19.33,15.83,7.22,78.07,chickpea
21.97,16.15,9.9,19.86,89.28,7.17,82.29,orange
85.13,27.64,33.24,22.58,93.39,6.33,34.22,watermelon
95.85,20.47,52.16,26.94,89.8,5.95,32.9,muskmelon
70.62,43.96,23.95,24.04,58.6,5.96,84.49,maize
119.22,39.13,28.79,16.89,76.81,7.23,75.59,cotton
28.81,75.61,24.26,28.45,62.09,5.8,114.54,pigeonpeas
120.35,56.27,10.34,28.9,85.41,6.87,77.77,cotton
22.6,19.91,46.76,28.12,95.2,6.0,162.91,coconut
10.44,47.86,13.24,29.66,84.83,6.06,52.21,mungbean
20.7,67.33,14.26,22.24,66.84,6.45,48.5,lentil
83.09,24.81,15.68,33.47,44.77,6.8,178.58,coffee
15.8,49.94,30.37,24.68,50.08,6.72,33.25,mothbeans
99.82,30.86,54.92,24.49,74.26,6.6,156.94,jute
111.2,42.84,2.24,26.84,84.93,6.9,57.09,cotton
26.98,28.46,39.34,19.57,96.14,5.92,115.77,pomegranate
26.73,67.08,9.66,24.87,43.14,5.76,162.78,pigeonpeas
21.2,27.84,35.09,23.74,88.69,5.87,144.68,coconut
39.06,68.9,38.44,29.67,93.84,7.34,133.19,papaya
94.49,52.6,20.14,25.55,76.14,7.14,138.87,jute
36.62,49.06,30.8,19.49,59.89,5.58,78.97,mango
79.63,61.42,33.82,24.75,63.3,6.36,97.27,maize
77.71,41.33,47.64,24.91,73.4,5.93,146.78,jute
119.3,38.0,8.1,17.72,79.21,6.73,69.86,cotton
104.04,26.2,34.26,26.22,87.9,5.68,59.58,watermelon
34.66,73.14,23.86,28.47,51.15,4.84,141.63,pigeonpeas
101.22,5.7,37.32,23.33,40.74,6.47,135.75,coffee
13.78,14.6,36.85,22.07,93.58,6.38,107.32,pomegranate
111.51,20.45,35.03,25.83,57.55,6.6,134.05,coffee
15.9,45.56,17.52,31.44,70.81,6.69,46.94,mungbean
36.54,44.49,49.12,32.3,89.91,6.67,114.43,papaya
112.86,29.2,21.98,26.3,77.87,6.7,51.54,watermelon
42.95,48.31,28.47,26.31,54.18,6.02,128.01,pigeonpeas
101.19,28.47,32.61,22.6,82.24,6.35,58.88,watermelon
77.38,32.44,24.29,19.41,63.23,6.3,106.72,maize
20.66,22.85,45.02,35.23,56.28,5.67,134.71,mango
26.57,114.78,192.8,25.23,84.05,6.49,67.83,grapes
13.31,59.24,19.27,25.34,89.99,6.59,55.6,mungbean
93.87,40.6,14.82,25.79,66.15,6.75,97.7,maize
32.61,48.73,36.18,32.76,58.77,7.21,73.84,blackgram
16.7,115.45,209.72,22.43,87.87,5.74,145.56,apple
116.43,41.27,6.11,25.02,80.89,6.29,86.8,cotton
12.55,14.79,26.78,22.64,93.33,5.86,97.9,pomegranate
107.39,46.78,16.1,31.63,58.15,6.67,90.99,maize
21.78,0.0,9.72,16.96,85.96,6.93,135.53,orange
17.56,47.71,35.62,23.82,59.01,7.07,56.67,lentil
20.73,24.1,28.2,31.69,94.4,6.32,195.13,coconut
33.46,59.04,93.74,12.59,31.69,7.72,83.35,chickpea
31.33,58.42,76.96,14.96,11.9,7.11,93.12,chickpea
40.62,55.72,18.48,24.51,75.91,6.98,61.16,blackgram
21.47,91.93,22.8,22.98,47.24,4.91,147.58,pigeonpeas
101.31,34.29,13.34,24.89,58.58,6.62,89.06,maize
25.66,114.44,204.54,21.34,78.88,5.56,80.98,grapes
33.56,74.28,80.57,19.81,23.64,7.5,88.07,chickpea
77.65,18.17,61.62,27.45,84.47,6.74,38.49,muskmelon
15.64,94.27,12.05,21.24,60.48,7.0,40.3,lentil
47.39,71.15,70.65,22.26,13.32,7.62,85.51,chickpea
106.89,24.34,46.9,26.03,86.61,6.54,16.68,muskmelon
53.76,48.57,53.69,31.85,94.17,6.68,143.86,papaya
9.97,15.47,0.0,23.01,94.26,7.67,106.12,orange
40.78,69.0,21.61,25.91,65.37,6.67,69.14,blackgram
35.59,71.74,24.47,31.79,77.03,6.37,129.73,papaya
101.27,54.98,33.12,26.94,61.5,6.69,182.35,coffee
25.4,20.82,22.05,24.78,51.23,5.77,117.72,mango
13.98,36.07,19.03,26.48,90.35,7.97,117.37,orange
107.89,18.95,38.07,26.82,90.14,5.69,17.15,muskmelon
26.05,71.12,11.87,17.27,20.8,5.65,111.68,kidneybeans
24.66,129.61,214.78,19.55,78.24,6.61,71.97,grapes
34.28,55.13,57.53,38.48,94.09,7.17,135.87,papaya
21.92,69.86,12.01,28.87,80.93,7.06,60.9,lentil
22.51,140.61,209.0,18.95,86.57,5.62,131.52,apple
15.38,53.81,20.01,29.19,80.21,6.46,43.41,mungbean
91.51,40.31,45.43,23.61,79.67,6.32,153.47,rice
13.83,61.1,21.82,29.91,80.89,6.21,42.31,mungbean
4.5,7.74,22.21,23.83,100.0,7.33,95.16,orange
33.78,139.74,199.93,24.65,83.48,6.16,42.62,grapes
73.01,40.94,52.03,23.9,81.39,6.76,148.23,jute
22.19,123.99,210.69,21.38,88.06,5.99,151.27,apple
28.66,14.17,32.32,29.29,96.37,6.21,146.27,coconut
17.84,13.1,43.52,37.3,49.67,6.66,96.83,mango
93.05,21.1,12.04,26.71,45.03,6.5,164.71,coffee
14.91,13.58,14.21,22.55,95.05,6.91,103.16,orange
121.66,57.08,12.5,20.01,72.25,6.43,88.93,cotton
21.03,42.74,31.11,29.91,93.08,6.14,47.65,mungbean
22.33,28.09,12.17,36.27,83.47,6.99,41.49,mungbean
32.5,123.84,188.46,25.49,85.18,6.16,39.79,grapes
18.02,61.42,14.82,20.23,20.09,5.44,131.43,kidneybeans
21.73,41.97,18.25,30.3,79.8,7.48,29.79,mungbean
109.28,32.89,51.24,27.35,90.7,6.45,18.37,muskmelon
87.09,22.55,75.73,29.5,82.04,6.26,25.98,muskmelon
43.09,58.44,18.11,26.18,73.95,6.98,88.34,blackgram
29.54,122.87,203.07,23.85,85.13,5.91,65.39,grapes
52.08,40.74,54.55,35.32,91.61,7.65,124.93,papaya
12.09,17.99,30.9,23.78,88.12,5.88,115.83,pomegranate
103.73,13.87,45.71,19.89,83.76,6.31,43.81,watermelon
114.01,21.03,73.06,24.95,96.11,5.88,26.26,muskmelon
87.13,13.92,55.56,34.16,95.03,6.59,29.25,muskmelon
92.54,9.37,53.63,24.48,87.03,6.86,40.21,muskmelon
88.33,55.6,43.8,23.33,79.09,7.08,140.42,jute
30.18,135.88,192.94,22.1,87.53,5.83,100.91,apple
18.75,28.08,0.0,23.53,95.59,7.46,108.7,orange
101.81,25.35,55.84,23.69,77.96,6.61,32.09,watermelon
120.67,16.59,35.0,21.26,58.75,7.1,144.64,coffee
105.0,25.41,14.38,23.6,48.83,6.53,150.83,coffee
22.36,20.73,16.3,27.59,92.62,7.44,102.97,orange
96.53,70.08,69.44,24.72,83.32,6.42,88.89,banana
46.9,75.88,25.53,29.82,57.01,7.1,60.54,blackgram
21.43,96.24,195.5,24.29,90.05,5.71,91.17,apple
38.32,12.76,28.15,25.46,92.11,6.81,198.51,coconut
47.98,61.39,36.29,37.78,91.94,6.81,127.57,papaya
31.0,35.07,0.57,27.99,57.56,5.86,74.52,mango
106.0,104.89,32.37,29.35,75.44,5.99,95.04,banana
18.8,41.73,11.66,24.48,56.71,6.52,53.8,mothbeans
22.35,0.0,11.5,17.03,95.23,7.59,91.48,orange
57.73,61.27,49.23,36.89,94.02,6.36,124.98,papaya
123.05,52.97,11.14,24.78,87.91,7.13,80.87,cotton
81.6,42.45,55.04,17.05,87.46,6.82,147.06,rice
51.68,85.96,50.34,21.96,81.55,6.19,111.79,banana
29.84,39.03,0.88,26.76,60.31,7.07,55.14,mothbeans
29.75,87.02,17.15,24.33,61.67,6.9,60.33,lentil
127.17,21.63,25.09,31.65,97.45,6.26,30.74,muskmelon
8.34,11.33,60.41,25.06,97.44,5.67,187.73,coconut
113.11,82.78,51.83,24.5,71.41,6.09,118.1,banana
41.81,52.03,84.0,17.05,13.36,7.53,98.57,chickpea
0.0,62.03,21.93,14.55,22.93,5.62,140.11,kidneybeans
25.96,65.94,18.7,21.39,65.58,7.2,33.57,lentil
23.84,73.75,14.8,14.39,15.79,5.51,97.96,kidneybeans
91.08,28.75,23.73,22.81,54.73,6.52,167.09,coffee
106.75,80.96,67.75,22.56,80.7,6.03,116.27,banana
87.11,13.24,64.99,27.18,82.65,6.37,24.37,muskmelon
23.55,27.69,43.33,11.03,87.5,6.88,90.85,pomegranate
19.22,137.79,194.05,20.73,85.44,6.0,118.51,apple
31.01,14.08,37.68,26.61,94.1,5.71,170.46,coconut
13.51,68.67,14.08,26.59,66.21,7.02,37.17,lentil
64.12,46.28,57.13,27.16,91.55,7.14,128.21,papaya
23.48,49.75,13.64,29.27,63.24,5.69,56.03,mothbeans
28.92,74.76,31.2,27.11,62.78,6.69,65.15,blackgram
18.12,29.9,20.25,24.32,98.58,6.38,185.8,coconut
29.53,70.37,91.86,21.16,20.98,7.0,58.67,chickpea
70.67,62.36,52.99,26.23,89.14,7.59,170.62,jute
53.83,42.41,57.59,29.66,99.8,6.68,110.84,papaya
17.04,50.94,20.12,20.71,16.46,6.31,115.22,kidneybeans
19.07,67.15,32.62,30.94,54.95,5.57,123.32,pigeonpeas
18.03,13.2,9.1,19.86,90.2,7.81,91.75,orange
22.74,80.54,26.83,19.24,23.32,5.72,116.16,kidneybeans
13.2,144.55,214.34,19.34,95.36,5.43,140.09,apple
7.76,25.78,20.91,32.81,37.06,5.94,82.4,mango
89.37,10.45,61.58,31.67,96.75,6.61,25.74,muskmelon
66.24,61.2,41.87,24.35,85.59,6.25,169.37,jute
12.95,27.9,41.64,33.78,50.27,5.66,113.95,mango
94.29,13.99,44.39,23.53,71.27,6.66,39.85,watermelon
72.29,34.41,39.37,27.87,77.07,6.45,208.79,rice
82.88,68.32,42.46,23.58,78.59,6.25,206.4,jute
15.85,44.18,28.11,30.74,32.27,5.72,111.73,mango
25.56,53.59,19.11,23.78,44.9,5.59,135.67,pigeonpeas
28.24,58.42,26.84,14.72,25.45,5.77,116.07,kidneybeans
44.28,47.98,15.51,28.01,78.4,6.99,37.18,blackgram
36.46,52.68,27.62,34.07,78.36,7.59,65.23,blackgram
101.32,77.6,44.71,23.77,77.84,5.15,85.28,banana
20.51,61.28,8.18,24.77,80.14,6.55,37.27,lentil
23.27,54.71,9.18,13.43,26.56,5.45,135.67,kidneybeans
119.71,72.51,60.61,25.7,88.77,5.85,83.19,banana
28.14,118.49,197.0,20.99,82.63,5.85,72.65,grapes
30.64,53.03,27.15,30.57,62.64,5.6,171.37,pigeonpeas
3.31,74.74,22.39,21.68,80.19,6.93,34.64,lentil
23.3,14.37,39.23,20.77,94.13,5.97,105.97,pomegranate
124.36,52.67,25.39,21.22,81.16,7.48,76.89,cotton
55.01,61.77,77.49,22.98,18.78,7.48,112.48,chickpea
68.69,39.36,22.63,24.29,66.38,7.11,94.07,maize
20.0,138.26,192.55,19.48,88.62,5.67,128.31,apple
27.28,67.11,28.5,27.87,75.81,7.62,91.29,blackgram
32.33,143.34,207.78,22.22,92.11,6.21,104.17,apple
10.61,38.13,29.29,31.26,47.77,6.11,110.66,mango
60.22,95.66,42.62,29.06,83.71,5.65,113.21,banana
24.93,116.93,201.86,23.68,91.01,6.05,92.17,apple
142.07,55.08,28.72,21.99,84.82,7.69,69.67,cotton
70.07,53.52,32.07,24.66,84.52,6.63,181.99,rice
46.56,74.64,19.84,26.69,50.81,6.83,59.36,blackgram
113.32,28.19,57.81,27.35,92.71,5.79,23.93,muskmelon
80.84,26.25,62.7,21.26,91.79,6.44,55.02,watermelon
96.63,38.55,26.66,22.12,60.92,6.36,163.39,coffee
91.39,23.27,44.31,29.23,84.37,6.77,58.95,watermelon
83.93,45.06,52.78,22.23,77.02,6.36,168.03,jute
42.01,67.83,77.41,20.76,13.63,7.65,59.81,chickpea
67.88,39.37,50.44,21.7,76.19,7.28,181.1,jute
21.95,34.1,12.12,25.09,85.55,6.45,52.94,mungbean
9.53,130.93,216.06,23.58,83.51,6.55,63.94,grapes
91.6,36.44,32.94,26.51,75.71,6.27,145.53,jute
23.97,65.75,29.44,31.43,78.06,7.01,47.47,mungbean
31.02,151.49,205.21,15.75,89.21,6.15,103.57,apple
12.07,142.58,200.82,18.7,80.5,6.19,65.0,grapes
27.8,27.52,40.76,28.13,97.21,5.47,137.44,coconut
20.48,48.88,30.0,24.0,50.2,6.41,54.55,mothbeans
87.3,40.64,4.2,19.24,61.85,5.7,97.0,maize
20.11,24.39,33.09,30.22,97.59,5.72,130.12,coconut
14.22,7.04,39.88,20.31,87.82,6.58,91.99,pomegranate
69.29,50.29,37.74,22.42,74.65,6.33,202.14,jute
88.98,68.01,28.47,26.91,77.19,5.43,123.78,banana
28.97,88.2,21.57,23.38,35.61,5.93,183.12,pigeonpeas
49.58,83.08,24.05,25.83,62.94,7.22,96.96,blackgram
60.19,50.22,42.97,25.75,83.73,5.86,239.29,rice
32.19,72.36,34.25,20.37,43.8,5.43,171.64,pigeonpeas
14.93,7.94,29.12,37.63,56.44,6.68,112.65,mango
20.15,14.87,30.75,13.98,86.52,6.59,92.94,pomegranate
20.55,142.48,191.62,22.2,84.97,6.0,78.77,grapes
5.17,134.62,198.91,25.4,88.64,5.82,134.44,apple
56.85,73.42,20.19,33.05,52.9,6.57,37.51,blackgram
14.59,1.07,6.2,27.19,84.54,7.0,110.68,orange
75.38,42.19,22.0,29.31,62.24,6.44,97.16,maize
126.73,28.82,26.68,27.26,56.73,7.55,149.9,coffee
102.15,21.6,59.61,30.37,91.14,6.34,43.79,muskmelon
17.43,82.95,21.84,19.49,24.33,5.87,121.78,kidneybeans
15.14,125.13,203.85,26.4,87.6,6.63,68.99,grapes
12.76,76.73,25.32,34.76,40.97,5.61,156.94,pigeonpeas
86.5,25.19,27.41,28.59,63.56,6.91,149.93,coffee
16.39,16.91,8.79,22.37,98.43,6.95,86.75,orange
109.63,71.7,45.16,26.99,79.79,6.3,59.7,banana
22.68,32.65,27.88,32.63,47.3,5.8,89.51,mango
11.14,143.52,198.98,24.11,84.0,5.68,76.85,grapes
22.0,68.99,39.94,23.17,62.46,6.95,55.72,lentil
